{"stats":{"minecraft:picked_up":{"minecraft:wheat":13,"minecraft:zombie_head":1,"minecraft:rotten_flesh":4,"minecraft:wheat_seeds":36,"minecraft:potato":1,"minecraft:player_head":3,"minecraft:dirt":33},"minecraft:killed_by":{"minecraft:skeleton":1,"minecraft:creeper":1,"minecraft:spider":2,"minecraft:player":1},"minecraft:mined":{"minecraft:grass_block":1,"minecraft:wheat":10},"minecraft:dropped":{"amethyst_imbuement:glistering_tome":1},"minecraft:custom":{"minecraft:time_since_rest":4259,"minecraft:crouch_one_cm":118,"minecraft:play_time":38462,"minecraft:damage_taken":1310,"minecraft:deaths":5,"minecraft:walk_one_cm":83167,"minecraft:sneak_time":18,"minecraft:mob_kills":1,"minecraft:drop":1,"minecraft:damage_dealt_resisted":11,"minecraft:jump":127,"minecraft:damage_dealt":11,"minecraft:leave_game":8,"minecraft:time_since_death":4234,"minecraft:walk_on_water_one_cm":1271,"minecraft:total_world_time":38462,"minecraft:hex":0,"minecraft:damage_dealt_absorbed":16,"minecraft:fall_one_cm":846,"minecraft:fly_one_cm":2515}},"DataVersion":3465}