{"stats":{"minecraft:broken":{"minecraft:chainmail_leggings":1,"rogues:warrior_armor_head":1,"berserker_rpg:wildling_feet":1,"minecraft:shield":1,"minecraft:leather_boots":1},"minecraft:crafted":{"minecraft:oak_planks":24,"regions_unexplored:maple_planks":80,"minecraft:cooked_chicken":2,"minecraft:cooked_mutton":3,"minecraft:chest":26,"mythicmetals:tin_ingot":25,"minecraft:cooked_porkchop":18,"minecraft:diamond_axe":1,"minecraft:crafting_table":2,"minecraft:spruce_planks":204,"minecraft:wooden_pickaxe":1,"minecraft:hay_block":10,"minecraft:iron_chestplate":1,"minecraft:diamond_pickaxe":1,"minecraft:stick":36,"minecraft:iron_ingot":11,"minecraft:iron_block":9,"minecraft:furnace":1,"minecraft:ladder":6,"minecraft:stone_pickaxe":1,"minecraft:stone_axe":1,"minecraft:wooden_axe":1,"minecraft:iron_leggings":1,"minecraft:white_bed":2},"minecraft:picked_up":{"minecraft:wheat":26,"minecraft:yellow_wool":1,"soulsweapons:moonstone":2,"regions_unexplored:maple_planks":1,"mythicupgrades:topaz_crystal_shard":20,"minecraft:amethyst_block":1,"minecraft:raw_copper":215,"minecraft:dark_oak_trapdoor":3,"minecraft:waxed_cut_copper_slab":3,"minecraft:red_nether_bricks":8,"minecraft:zombie_head":11,"minecraft:cobbled_deepslate":46,"minecraft:spruce_planks":9,"crystals_overhauled:rhodochrosite":4,"minecraft:calcite":3,"minecraft:diamond_ore":1,"minecraft:stick":8,"minecraft:torch":1,"minecraft:spruce_stairs":3,"minecraft:porkchop":18,"minecraft:diorite":6,"mythicmetals:morkite":26,"minecraft:waxed_cut_copper_stairs":1,"minecraft:stone_sword":1,"darkbread:green_bread":1,"minecraft:rotten_flesh":24,"mythicmetals:raw_manganese":40,"crystals_overhauled:heliodor":39,"minecraft:cobblestone":456,"minecraft:feather":11,"minecraft:andesite":16,"perfectplushies:dumbo_blob_plushie":1,"minecraft:potato":46,"minecraft:tuff":6,"minecraft:dirt":160,"minecraft:lapis_lazuli":95,"amethyst_imbuement:book_of_lore":1,"mythicmetals:raw_platinum":15,"minecraft:mangrove_slab":5,"minecraft:stripped_birch_log":2,"minecraft:leather_boots":1,"minecraft:bone":2,"minecraft:wheat_seeds":42,"extensivediamonds:red_diamond":6,"minecraft:raw_gold":9,"crystals_overhauled:citrine":9,"mythicmetals:raw_silver":2,"minecraft:oak_planks":7,"minecraft:cooked_porkchop":1,"minecraft:sand":28,"minecraft:nether_brick_stairs":2,"minecraft:red_terracotta":2,"minecraft:polished_andesite":2,"minecraft:diamond":17,"minecraft:granite":11,"soulsweapons:verglas":4,"minecraft:bread":7,"minecraft:emerald":16,"minecraft:dark_oak_fence":1,"minecraft:crafting_table":2,"minecraft:chicken":4,"minecraft:gold_block":1,"regions_unexplored:red_maple_leaf_pile":2,"minecraft:iron_axe":1,"mythicmetals:raw_adamantite":1,"crystals_overhauled:malachite":13,"minecraft:beef":2,"regions_unexplored:maple_leaf_pile":2,"minecraft:oak_boat":1,"minecraft:player_head":17,"minecraft:spruce_trapdoor":2,"minecraft:egg":2,"minecraft:raw_iron":48,"minecraft:stripped_mangrove_wood":7,"croptopia:greenbean_seed":2,"farmersdelight:tomato_seeds":3,"mythicmetals:raw_tin":33,"minecraft:carrot":49,"minecraft:redstone":8,"minecraft:dark_oak_planks":7,"minecraft:arrow":10,"minecraft:saddle":4,"croptopia:pepper":1,"minecraft:mutton":3,"minecraft:skeleton_skull":1,"minecraft:white_wool":6,"minecraft:oxeye_daisy":1,"minecraft:glow_ink_sac":4,"mythicmetals:raw_banglum":26,"croptopia:glowing_calamari":2,"minecraft:oak_log":9,"minecraft:chainmail_chestplate":1,"jewelry:tanzanite":1,"nyfsbp:moon_banner_pattern":1,"minecraft:apple":9,"minecraft:iron_ingot":12,"minecraft:stone_pickaxe":1,"artifacts:kitty_slippers":1,"darkblades:dark_dust":110,"minecraft:glass_bottle":2,"jewelry:topaz":1,"minecraft:dark_oak_slab":1,"minecraft:sweet_berries":3,"minecraft:gravel":15,"minecraft:white_bed":2,"minecraft:spruce_log":88,"minecraft:nether_brick_slab":6,"travelersbackpack:standard":1,"regions_unexplored:silver_birch_log":1,"croptopia:greenbean":1,"regions_unexplored:maple_log":31,"minecraft:coal":155,"crystals_overhauled:celestite":16},"minecraft:used":{"minecraft:ladder":6,"minecraft:chest":26,"minecraft:shield":15,"minecraft:carrot":10,"witcher_rpg:silver_witcher_sword":49,"minecraft:sweet_berries":3,"minecraft:furnace":1,"amethyst_imbuement:fzzyhammer":2,"minecraft:egg":1,"minecraft:potato":16,"minecraft:diorite":6,"minecraft:stripped_birch_log":2,"minecraft:stone_pickaxe":101,"minecraft:wooden_pickaxe":19,"spellbladenext:arcane_blade":22,"darkbread:pog_bread":1,"minecraft:diamond_axe":144,"minecraft:golden_apple":1,"darkbread:obsidian_bread":5,"darkbread:green_bread":4,"minecraft:bread":5,"minecraft:diamond_ore":1,"minecraft:gravel":8,"perfectplushies:dumbo_blob_plushie":1,"amethyst_imbuement:xp_bush_seed":1,"minecraft:oak_boat":1,"minecraft:stone_sword":70,"minecraft:spruce_planks":13,"minecraft:cooked_chicken":2,"regions_unexplored:maple_planks":16,"minecraft:dirt":15,"minecraft:granite":5,"minecraft:wooden_axe":12,"minecraft:dark_oak_planks":7,"minecraft:cobbled_deepslate":3,"minecraft:bundle":1,"minecraft:crafting_table":4,"minecraft:white_bed":3,"minecraft:cod":1,"minecraft:cake":1,"minecraft:diamond_pickaxe":1020,"minecraft:stone_axe":7,"minecraft:cobblestone":116,"travelersbackpack:standard":2,"minecraft:cooked_porkchop":14,"minecraft:pumpkin_pie":6},"minecraft:killed":{"minecraft:witch":1,"minecraft:skeleton":2,"minecraft:chicken":2,"artifacts:mimic":1,"minecraft:pig":5,"minecraft:zombie_villager":3,"minecraft:sheep":9,"minecraft:pillager":1,"minecraft:zombie":7,"minecraft:cow":1,"minecraft:frog":1,"minecraft:player":1},"minecraft:killed_by":{"minecraft:zombie_villager":13,"minecraft:creeper":5,"minecraft:pillager":2,"medievalorigins:summon_zombie":1,"graveyard:skeleton_creeper":1,"minecraft:zombie":9,"minecraft:husk":3,"minecraft:spider":6,"minecraft:warden":2,"minecraft:skeleton":6},"minecraft:custom":{"lootr:looted_stat":46,"minecraft:interact_with_crafting_table":18,"minecraft:open_barrel":1,"minecraft:bell_ring":11,"minecraft:leave_game":4,"minecraft:time_since_death":32956,"minecraft:damage_resisted":334,"minecraft:sprint_one_cm":854651,"minecraft:damage_blocked_by_shield":3270,"minecraft:drop":96,"minecraft:talked_to_villager":14,"minecraft:play_time":304889,"minecraft:deaths":52,"minecraft:jump":3816,"minecraft:walk_on_water_one_cm":49046,"minecraft:interact_with_furnace":26,"minecraft:traded_with_villager":2,"minecraft:interact_with_cartography_table":3,"minecraft:sleep_in_bed":5,"minecraft:damage_dealt":6054,"minecraft:player_kills":1,"minecraft:crouch_one_cm":10197,"minecraft:interact_with_smoker":3,"minecraft:interact_with_smithing_table":2,"minecraft:mob_kills":33,"minecraft:damage_dealt_resisted":2662,"minecraft:climb_one_cm":3946,"minecraft:walk_one_cm":950454,"minecraft:damage_dealt_absorbed":1657,"minecraft:sneak_time":4316,"minecraft:walk_under_water_one_cm":16554,"minecraft:boat_one_cm":407511,"minecraft:interact_with_lectern":1,"minecraft:interact_with_blast_furnace":3,"minecraft:total_world_time":304889,"minecraft:interact_with_grindstone":1,"minecraft:hex":0,"minecraft:time_since_rest":5202,"minecraft:damage_taken":16193,"minecraft:damage_absorbed":288,"minecraft:swim_one_cm":511327,"minecraft:fly_one_cm":595990,"minecraft:open_chest":79,"minecraft:fall_one_cm":169694},"minecraft:mined":{"minecraft:dark_oak_planks":11,"minecraft:waxed_cut_copper_slab":3,"minecraft:spruce_planks":9,"minecraft:white_bed":1,"regions_unexplored:maple_log":19,"mythicupgrades:topaz_crystal_block":3,"minecraft:sculk_vein":2,"minecraft:red_nether_bricks":13,"mythicmetals:deepslate_morkite_ore":10,"minecraft:spruce_trapdoor":2,"minecraft:granite":6,"minecraft:deepslate_tile_wall":2,"minecraft:grass_block":7,"mythicmetals:deepslate_adamantite_ore":1,"crystals_overhauled:celestite_ore":12,"minecraft:spawner":1,"minecraft:dark_oak_trapdoor":1,"minecraft:iron_ore":45,"crystals_overhauled:malachite_ore":8,"minecraft:deepslate_lapis_ore":7,"minecraft:nether_brick_stairs":2,"regions_unexplored:maple_leaf_pile":1,"geode_plus:budding_deepslate_lapis":8,"mythicupgrades:topaz_crystal_cluster":5,"minecraft:stripped_mangrove_wood":15,"minecraft:player_head":1,"geode_plus:lapis_cluster":1,"minecraft:waxed_cut_copper_stairs":1,"minecraft:deepslate_redstone_ore":1,"minecraft:calcite":3,"minecraft:nether_brick_slab":8,"minecraft:cobblestone":3,"extensivediamonds:deepslate_red_diamond_ore":6,"minecraft:amethyst_block":1,"minecraft:dark_oak_slab":1,"minecraft:yellow_wool":2,"minecraft:wheat":1,"mythicmetals:manganese_ore":28,"minecraft:grass":12,"minecraft:oak_log":6,"minecraft:dirt":73,"mythicmetals:morkite_ore":1,"darkblades:dark_ore":56,"minecraft:oak_leaves":1,"minecraft:deepslate":53,"soulsweapons:verglas_ore":2,"minecraft:diamond_ore":1,"minecraft:deepslate_diamond_ore":2,"minecraft:stripped_birch_log":2,"perfectplushies:dumbo_blob_plushie":1,"minecraft:dark_oak_fence":1,"mythicmetals:silver_ore":1,"minecraft:spruce_leaves":3,"minecraft:large_fern":3,"minecraft:redstone_ore":2,"mythicmetals:quadrillum_ore":1,"minecraft:andesite":5,"mythicmetals:tin_ore":22,"minecraft:gold_block":1,"soulsweapons:moonstone_ore_deepslate":2,"crystals_overhauled:citrine_ore":4,"minecraft:deepslate_iron_ore":4,"geode_plus:medium_lapis_bud":1,"minecraft:stone":483,"minecraft:cake":1,"mythicmetals:platinum_ore":10,"crystals_overhauled:heliodor_ore":13,"minecraft:crafting_table":2,"crystals_overhauled:rhodochrosite_ore":3,"minecraft:tall_grass":1,"minecraft:copper_ore":59,"minecraft:deepslate_gold_ore":9,"minecraft:diorite":6,"minecraft:spruce_stairs":3,"minecraft:red_terracotta":2,"geode_plus:small_lapis_bud":3,"jewelry:deepslate_gem_vein":2,"minecraft:sweet_berry_bush":3,"minecraft:spruce_log":89,"regions_unexplored:red_maple_leaf_pile":1,"minecraft:yellow_bed":1,"minecraft:mangrove_slab":3,"minecraft:coal_ore":156,"minecraft:gravel":12,"mythicmetals:banglum_ore":17},"minecraft:dropped":{"minecraft:nether_brick_stairs":2,"minecraft:lapis_lazuli":4,"minecraft:oak_log":3,"minecraft:glass_bottle":2,"minecraft:saddle":1,"regions_unexplored:maple_planks":2,"minecraft:dirt":79,"minecraft:dark_oak_fence":1,"minecraft:dark_oak_trapdoor":3,"minecraft:writable_book":1,"minecraft:sand":7,"regions_unexplored:maple_log":11,"minecraft:bone":2,"minecraft:gravel":4,"minecraft:stone_axe":1,"minecraft:waxed_cut_copper_stairs":1,"minecraft:cobbled_deepslate":5,"minecraft:wheat":18,"minecraft:rotten_flesh":7,"minecraft:oak_planks":7,"croptopia:greenbean_seed":2,"minecraft:cooked_mutton":3,"minecraft:white_bed":1,"soulsweapons:verglas":2,"minecraft:skeleton_skull":1,"minecraft:leather_boots":1,"farmersdelight:rope":6,"minecraft:beef":2,"minecraft:egg":1,"farmersdelight:tomato_seeds":6,"minecraft:bread":7,"minecraft:wheat_seeds":13,"minecraft:feather":5,"minecraft:cobblestone":97,"minecraft:apple":9,"minecraft:amethyst_block":1,"minecraft:polished_andesite":2,"minecraft:oxeye_daisy":1,"croptopia:greenbean":1,"minecraft:torch":2,"minecraft:wooden_axe":1,"minecraft:zombie_head":8,"minecraft:iron_leggings":1,"minecraft:spruce_sapling":1,"minecraft:nether_brick_slab":6,"minecraft:player_head":12,"minecraft:stone_sword":1,"farmersdelight:cabbage_seeds":2,"minecraft:red_terracotta":2,"regions_unexplored:silver_birch_log":1,"minecraft:andesite":14,"minecraft:stone_pickaxe":1,"minecraft:wooden_pickaxe":1}},"DataVersion":3465}