{"stats":{"minecraft:dropped":{"minecraft:nether_brick_stairs":2,"minecraft:bread":7,"minecraft:wheat_seeds":13,"minecraft:lapis_lazuli":4,"minecraft:oak_log":3,"minecraft:glass_bottle":2,"minecraft:feather":5,"minecraft:cobblestone":96,"minecraft:amethyst_block":1,"minecraft:apple":9,"minecraft:saddle":1,"regions_unexplored:maple_planks":2,"minecraft:polished_andesite":2,"minecraft:oxeye_daisy":1,"minecraft:dirt":79,"croptopia:greenbean":1,"minecraft:dark_oak_fence":1,"minecraft:torch":2,"minecraft:dark_oak_trapdoor":3,"minecraft:wooden_axe":1,"minecraft:zombie_head":7,"minecraft:iron_leggings":1,"minecraft:sand":7,"regions_unexplored:maple_log":11,"minecraft:gravel":4,"minecraft:nether_brick_slab":6,"minecraft:stone_axe":1,"minecraft:waxed_cut_copper_stairs":1,"minecraft:player_head":10,"minecraft:stone_sword":1,"minecraft:cobbled_deepslate":5,"minecraft:wheat":12,"minecraft:rotten_flesh":7,"minecraft:oak_planks":7,"croptopia:greenbean_seed":2,"minecraft:cooked_mutton":3,"minecraft:white_bed":1,"minecraft:red_terracotta":2,"regions_unexplored:silver_birch_log":1,"soulsweapons:verglas":2,"minecraft:andesite":14,"minecraft:leather_boots":1,"minecraft:beef":2,"minecraft:stone_pickaxe":1,"minecraft:wooden_pickaxe":1,"minecraft:egg":1},"minecraft:custom":{"lootr:looted_stat":32,"minecraft:mob_kills":27,"minecraft:interact_with_crafting_table":13,"minecraft:open_barrel":1,"minecraft:damage_dealt_resisted":1929,"minecraft:leave_game":2,"minecraft:time_since_death":26309,"minecraft:climb_one_cm":2102,"minecraft:damage_resisted":334,"minecraft:sprint_one_cm":687836,"minecraft:walk_one_cm":619873,"minecraft:damage_blocked_by_shield":3270,"minecraft:drop":83,"minecraft:damage_dealt_absorbed":1167,"minecraft:talked_to_villager":4,"minecraft:play_time":212516,"minecraft:sneak_time":3158,"minecraft:deaths":38,"minecraft:walk_under_water_one_cm":8195,"minecraft:boat_one_cm":407511,"minecraft:interact_with_lectern":1,"minecraft:jump":2895,"minecraft:interact_with_blast_furnace":2,"minecraft:walk_on_water_one_cm":31570,"minecraft:total_world_time":212516,"minecraft:interact_with_furnace":24,"minecraft:interact_with_cartography_table":3,"minecraft:sleep_in_bed":2,"minecraft:hex":0,"minecraft:time_since_rest":26339,"minecraft:damage_taken":10263,"minecraft:damage_absorbed":288,"minecraft:damage_dealt":4092,"minecraft:swim_one_cm":329720,"minecraft:fly_one_cm":495327,"minecraft:open_chest":53,"minecraft:crouch_one_cm":7314,"minecraft:interact_with_smoker":3,"minecraft:fall_one_cm":149008},"minecraft:killed":{"minecraft:witch":1,"minecraft:skeleton":1,"minecraft:chicken":1,"minecraft:pig":5,"minecraft:zombie_villager":1,"minecraft:frog":1,"minecraft:sheep":9,"minecraft:pillager":1,"minecraft:zombie":6,"minecraft:cow":1},"minecraft:picked_up":{"minecraft:crafting_table":2,"minecraft:wheat":17,"minecraft:chicken":2,"minecraft:yellow_wool":1,"soulsweapons:moonstone":2,"minecraft:gold_block":1,"regions_unexplored:maple_planks":1,"mythicupgrades:topaz_crystal_shard":20,"regions_unexplored:red_maple_leaf_pile":2,"minecraft:amethyst_block":1,"minecraft:dark_oak_trapdoor":3,"minecraft:waxed_cut_copper_slab":3,"minecraft:red_nether_bricks":8,"minecraft:zombie_head":10,"minecraft:cobbled_deepslate":46,"minecraft:spruce_planks":6,"minecraft:beef":2,"regions_unexplored:maple_leaf_pile":2,"minecraft:oak_boat":1,"crystals_overhauled:rhodochrosite":4,"minecraft:player_head":14,"minecraft:calcite":3,"minecraft:spruce_trapdoor":2,"minecraft:egg":2,"minecraft:diamond_ore":1,"minecraft:stick":7,"minecraft:raw_iron":17,"minecraft:stripped_mangrove_wood":7,"croptopia:greenbean_seed":2,"minecraft:torch":1,"minecraft:spruce_stairs":3,"minecraft:porkchop":18,"mythicmetals:raw_tin":33,"minecraft:carrot":49,"mythicmetals:morkite":26,"minecraft:dark_oak_planks":6,"minecraft:waxed_cut_copper_stairs":1,"minecraft:stone_sword":1,"darkbread:green_bread":1,"minecraft:rotten_flesh":21,"mythicmetals:raw_manganese":10,"crystals_overhauled:heliodor":34,"minecraft:saddle":4,"croptopia:pepper":1,"minecraft:mutton":3,"minecraft:white_wool":6,"minecraft:cobblestone":182,"minecraft:oxeye_daisy":1,"minecraft:feather":5,"minecraft:glow_ink_sac":4,"minecraft:andesite":15,"perfectplushies:dumbo_blob_plushie":1,"mythicmetals:raw_banglum":18,"croptopia:glowing_calamari":2,"minecraft:potato":43,"minecraft:tuff":6,"minecraft:oak_log":9,"minecraft:stripped_birch_log":2,"minecraft:lapis_lazuli":51,"mythicmetals:raw_platinum":1,"amethyst_imbuement:book_of_lore":1,"minecraft:mangrove_slab":5,"minecraft:dirt":117,"minecraft:leather_boots":1,"jewelry:tanzanite":1,"minecraft:apple":9,"minecraft:wheat_seeds":38,"minecraft:iron_ingot":11,"darkblades:dark_dust":76,"minecraft:glass_bottle":2,"minecraft:oak_planks":7,"jewelry:topaz":1,"minecraft:dark_oak_slab":1,"minecraft:cooked_porkchop":1,"minecraft:gravel":12,"minecraft:sand":11,"minecraft:nether_brick_stairs":2,"minecraft:white_bed":2,"minecraft:nether_brick_slab":6,"minecraft:red_terracotta":2,"travelersbackpack:standard":1,"minecraft:polished_andesite":2,"minecraft:diamond":12,"regions_unexplored:silver_birch_log":1,"minecraft:granite":5,"croptopia:greenbean":1,"regions_unexplored:maple_log":31,"soulsweapons:verglas":4,"minecraft:bread":7,"minecraft:dark_oak_fence":1,"minecraft:coal":69,"crystals_overhauled:celestite":6},"minecraft:mined":{"minecraft:dark_oak_planks":10,"minecraft:waxed_cut_copper_slab":3,"minecraft:diamond_ore":1,"minecraft:spruce_planks":6,"minecraft:white_bed":1,"minecraft:deepslate_diamond_ore":2,"regions_unexplored:maple_log":19,"mythicupgrades:topaz_crystal_block":3,"minecraft:sculk_vein":1,"minecraft:red_nether_bricks":13,"minecraft:stripped_birch_log":2,"mythicmetals:deepslate_morkite_ore":10,"minecraft:spruce_trapdoor":2,"perfectplushies:dumbo_blob_plushie":1,"minecraft:dark_oak_fence":1,"minecraft:deepslate_tile_wall":2,"minecraft:grass_block":5,"crystals_overhauled:celestite_ore":4,"minecraft:spawner":1,"mythicmetals:quadrillum_ore":1,"minecraft:dark_oak_trapdoor":1,"minecraft:iron_ore":14,"minecraft:andesite":4,"mythicmetals:tin_ore":22,"minecraft:deepslate_lapis_ore":5,"minecraft:gold_block":1,"minecraft:nether_brick_stairs":2,"soulsweapons:moonstone_ore_deepslate":2,"minecraft:deepslate_iron_ore":4,"regions_unexplored:maple_leaf_pile":1,"mythicupgrades:topaz_crystal_cluster":5,"minecraft:stripped_mangrove_wood":15,"minecraft:stone":196,"minecraft:player_head":1,"minecraft:cake":1,"minecraft:waxed_cut_copper_stairs":1,"minecraft:deepslate_redstone_ore":1,"mythicmetals:platinum_ore":1,"crystals_overhauled:heliodor_ore":11,"minecraft:crafting_table":2,"crystals_overhauled:rhodochrosite_ore":3,"minecraft:calcite":3,"minecraft:nether_brick_slab":8,"minecraft:tall_grass":1,"minecraft:cobblestone":3,"minecraft:amethyst_block":1,"minecraft:spruce_stairs":3,"minecraft:red_terracotta":2,"minecraft:dark_oak_slab":1,"jewelry:deepslate_gem_vein":2,"minecraft:yellow_wool":2,"minecraft:wheat":1,"mythicmetals:manganese_ore":8,"regions_unexplored:red_maple_leaf_pile":1,"minecraft:yellow_bed":1,"minecraft:grass":3,"minecraft:mangrove_slab":3,"minecraft:oak_log":6,"minecraft:coal_ore":72,"minecraft:gravel":9,"minecraft:dirt":30,"mythicmetals:morkite_ore":1,"darkblades:dark_ore":38,"mythicmetals:banglum_ore":12,"minecraft:deepslate":47,"minecraft:oak_leaves":1,"soulsweapons:verglas_ore":2},"minecraft:killed_by":{"minecraft:husk":3,"minecraft:zombie_villager":11,"minecraft:creeper":2,"minecraft:spider":5,"minecraft:pillager":2,"medievalorigins:summon_zombie":1,"graveyard:skeleton_creeper":1,"minecraft:warden":2,"minecraft:skeleton":3,"minecraft:zombie":5},"minecraft:broken":{"minecraft:shield":1,"minecraft:leather_boots":1},"minecraft:crafted":{"minecraft:oak_planks":24,"regions_unexplored:maple_planks":80,"minecraft:cooked_chicken":2,"minecraft:furnace":1,"minecraft:cooked_mutton":3,"minecraft:stone_pickaxe":1,"minecraft:chest":4,"mythicmetals:tin_ingot":25,"minecraft:cooked_porkchop":18,"minecraft:diamond_axe":1,"minecraft:crafting_table":1,"minecraft:wooden_pickaxe":1,"minecraft:hay_block":10,"minecraft:stone_axe":1,"minecraft:diamond_pickaxe":1,"minecraft:stick":8,"minecraft:iron_ingot":11,"minecraft:wooden_axe":1,"minecraft:iron_block":9,"minecraft:white_bed":2},"minecraft:used":{"minecraft:stone_sword":70,"minecraft:chest":4,"minecraft:shield":15,"minecraft:cooked_chicken":2,"regions_unexplored:maple_planks":16,"minecraft:dirt":14,"minecraft:carrot":10,"minecraft:granite":5,"minecraft:wooden_axe":12,"witcher_rpg:silver_witcher_sword":27,"minecraft:furnace":1,"minecraft:potato":10,"minecraft:cobbled_deepslate":3,"minecraft:bundle":1,"minecraft:stripped_birch_log":2,"minecraft:stone_pickaxe":101,"minecraft:wooden_pickaxe":19,"minecraft:diamond_axe":43,"darkbread:pog_bread":1,"minecraft:golden_apple":1,"minecraft:crafting_table":3,"minecraft:white_bed":3,"darkbread:obsidian_bread":5,"minecraft:cake":1,"minecraft:diamond_pickaxe":412,"darkbread:green_bread":2,"minecraft:diamond_ore":1,"minecraft:gravel":8,"minecraft:stone_axe":7,"perfectplushies:dumbo_blob_plushie":1,"minecraft:cobblestone":47,"travelersbackpack:standard":2,"minecraft:cooked_porkchop":14,"minecraft:pumpkin_pie":4,"minecraft:oak_boat":1}},"DataVersion":3465}