{"stats":{"minecraft:crafted":{"minecraft:torch":28,"minecraft:stone_pickaxe":1},"minecraft:picked_up":{"minecraft:crafting_table":1,"minecraft:torch":4,"minecraft:wheat_seeds":1,"minecraft:sand":2,"minecraft:player_head":3,"minecraft:carrot":2,"minecraft:lapis_lazuli":1,"minecraft:coal":7,"minecraft:cobblestone":39},"minecraft:used":{"minecraft:torch":2,"minecraft:cobblestone":48,"darkbread:redstone_bread":1,"minecraft:crafting_table":1,"minecraft:stone_pickaxe":50,"minecraft:carrot":1,"minecraft:player_head":9},"minecraft:mined":{"minecraft:grass":2,"minecraft:coal_ore":7,"minecraft:player_wall_head":1,"minecraft:cobblestone":3,"minecraft:stone":37,"minecraft:moss_carpet":1,"minecraft:crafting_table":1,"minecraft:torch":1,"minecraft:wall_torch":3},"minecraft:custom":{"minecraft:time_since_rest":33901,"minecraft:open_chest":24,"minecraft:crouch_one_cm":248,"minecraft:play_time":54437,"minecraft:sprint_one_cm":15588,"minecraft:walk_one_cm":47596,"minecraft:damage_taken":660,"minecraft:deaths":2,"minecraft:sneak_time":102,"minecraft:walk_under_water_one_cm":12250,"minecraft:jump":153,"minecraft:leave_game":1,"minecraft:time_since_death":33868,"minecraft:walk_on_water_one_cm":7592,"minecraft:total_world_time":54437,"minecraft:hex":0,"minecraft:swim_one_cm":39874,"minecraft:interact_with_crafting_table":3,"minecraft:fall_one_cm":6095,"minecraft:fly_one_cm":6714}},"DataVersion":3465}