{"stats":{"minecraft:crafted":{"minecraft:torch":28,"minecraft:stone_pickaxe":1},"minecraft:picked_up":{"minecraft:crafting_table":1,"minecraft:torch":4,"minecraft:wheat_seeds":1,"minecraft:sand":2,"minecraft:player_head":3,"minecraft:carrot":2,"minecraft:lapis_lazuli":1,"minecraft:coal":7,"minecraft:cobblestone":37},"minecraft:used":{"minecraft:torch":2,"minecraft:cobblestone":6,"darkbread:redstone_bread":1,"minecraft:crafting_table":1,"minecraft:stone_pickaxe":48,"minecraft:carrot":1,"minecraft:player_head":9},"minecraft:mined":{"minecraft:grass":2,"minecraft:coal_ore":7,"minecraft:player_wall_head":1,"minecraft:cobblestone":1,"minecraft:stone":37,"minecraft:crafting_table":1,"minecraft:torch":1,"minecraft:wall_torch":3},"minecraft:custom":{"minecraft:time_since_rest":21901,"minecraft:open_chest":22,"minecraft:crouch_one_cm":192,"minecraft:play_time":42437,"minecraft:sprint_one_cm":10621,"minecraft:walk_one_cm":41370,"minecraft:damage_taken":600,"minecraft:deaths":2,"minecraft:sneak_time":70,"minecraft:walk_under_water_one_cm":8944,"minecraft:jump":108,"minecraft:leave_game":1,"minecraft:time_since_death":21868,"minecraft:walk_on_water_one_cm":6362,"minecraft:total_world_time":42437,"minecraft:hex":0,"minecraft:swim_one_cm":8184,"minecraft:interact_with_crafting_table":3,"minecraft:fall_one_cm":3539,"minecraft:fly_one_cm":3310}},"DataVersion":3465}