{"stats":{"minecraft:crafted":{"minecraft:stone_pickaxe":1,"minecraft:torch":28},"minecraft:picked_up":{"azure-paxels:stone_paxel":1,"minecraft:golden_helmet":2,"minecraft:raw_iron":2,"minecraft:crafting_table":1,"minecraft:torch":5,"minecraft:potato":1,"minecraft:sand":2,"magistuarmory:rustedkettlehat":1,"minecraft:carrot":6,"minecraft:lapis_lazuli":28,"batsgalore:sculk_candy":2,"minecraft:zombie_head":6,"minecraft:leather_boots":1,"minecraft:stone_sword":2,"minecraft:rotten_flesh":16,"minecraft:apple":9,"minecraft:diamond":4,"minecraft:wheat_seeds":1,"minecraft:cobbled_deepslate":26,"minecraft:iron_ingot":2,"minecraft:player_head":9,"minecraft:bread":7,"minecraft:coal":7,"minecraft:cobblestone":42,"minecraft:diamond_pickaxe":1},"minecraft:used":{"minecraft:diamond_pickaxe":22,"minecraft:apple":9,"minecraft:stone_sword":102,"minecraft:bundle":1,"minecraft:stone_pickaxe":68,"minecraft:player_head":9,"minecraft:torch":33,"minecraft:cobblestone":69,"darkbread:redstone_bread":2,"minecraft:crafting_table":1,"minecraft:carrot":2,"darkbread:obsidian_bread":3,"minecraft:cobbled_deepslate":13},"minecraft:killed":{"minecraft:zombie":6},"minecraft:killed_by":{"minecraft:player":1,"minecraft:skeleton":1,"minecraft:zombie":4},"minecraft:mined":{"minecraft:cobbled_deepslate":5,"minecraft:deepslate_diamond_ore":4,"minecraft:iron_ore":2,"minecraft:player_wall_head":1,"minecraft:moss_carpet":1,"minecraft:deepslate_lapis_ore":4,"minecraft:crafting_table":1,"minecraft:torch":1,"minecraft:grass":2,"minecraft:coal_ore":7,"minecraft:cobblestone":3,"minecraft:stone":40,"minecraft:deepslate":21,"minecraft:wall_torch":3},"minecraft:custom":{"minecraft:time_since_rest":7387,"minecraft:sprint_one_cm":66140,"minecraft:damage_taken":3254,"minecraft:walk_one_cm":119452,"minecraft:mob_kills":6,"minecraft:drop":6,"minecraft:damage_dealt":1304,"minecraft:damage_dealt_absorbed":716,"minecraft:interact_with_crafting_table":3,"minecraft:swim_one_cm":40137,"minecraft:fly_one_cm":38886,"minecraft:open_chest":33,"minecraft:crouch_one_cm":1400,"minecraft:play_time":103061,"minecraft:deaths":11,"minecraft:sneak_time":996,"minecraft:walk_under_water_one_cm":17259,"minecraft:damage_dealt_resisted":1315,"minecraft:jump":449,"minecraft:leave_game":2,"minecraft:walk_on_water_one_cm":15852,"minecraft:time_since_death":7362,"minecraft:sleep_in_bed":1,"minecraft:climb_one_cm":194,"minecraft:total_world_time":103061,"minecraft:hex":0,"minecraft:fall_one_cm":34089},"minecraft:dropped":{"minecraft:bread":7,"minecraft:stone_sword":2,"minecraft:torch":1,"minecraft:leather_boots":1,"minecraft:apple":9}},"DataVersion":3465}