{"stats":{"minecraft:crafted":{"minecraft:stone_pickaxe":1,"minecraft:torch":28},"minecraft:picked_up":{"minecraft:golden_helmet":2,"minecraft:raw_iron":2,"minecraft:crafting_table":1,"minecraft:torch":5,"minecraft:sand":2,"minecraft:carrot":2,"minecraft:lapis_lazuli":1,"minecraft:leather_boots":1,"minecraft:stone_sword":2,"minecraft:apple":9,"minecraft:diamond":4,"minecraft:wheat_seeds":1,"minecraft:cobbled_deepslate":18,"minecraft:player_head":5,"minecraft:bread":7,"minecraft:coal":7,"minecraft:cobblestone":42,"minecraft:diamond_pickaxe":1},"minecraft:used":{"minecraft:diamond_pickaxe":15,"minecraft:apple":9,"minecraft:stone_sword":1,"minecraft:bundle":1,"minecraft:stone_pickaxe":64,"minecraft:player_head":9,"minecraft:torch":15,"minecraft:cobblestone":68,"darkbread:redstone_bread":1,"minecraft:crafting_table":1,"minecraft:carrot":2},"minecraft:killed_by":{"minecraft:player":1,"minecraft:skeleton":1,"minecraft:zombie":3},"minecraft:mined":{"minecraft:deepslate_diamond_ore":4,"minecraft:iron_ore":2,"minecraft:player_wall_head":1,"minecraft:moss_carpet":1,"minecraft:crafting_table":1,"minecraft:torch":1,"minecraft:grass":2,"minecraft:coal_ore":7,"minecraft:cobblestone":3,"minecraft:stone":40,"minecraft:deepslate":19,"minecraft:wall_torch":3},"minecraft:custom":{"minecraft:time_since_rest":2014,"minecraft:sprint_one_cm":51644,"minecraft:damage_taken":2534,"minecraft:walk_one_cm":88613,"minecraft:drop":6,"minecraft:damage_dealt":101,"minecraft:damage_dealt_absorbed":5,"minecraft:interact_with_crafting_table":3,"minecraft:swim_one_cm":40137,"minecraft:fly_one_cm":30221,"minecraft:open_chest":26,"minecraft:crouch_one_cm":333,"minecraft:play_time":78437,"minecraft:deaths":10,"minecraft:sneak_time":149,"minecraft:walk_under_water_one_cm":17259,"minecraft:damage_dealt_resisted":3,"minecraft:jump":366,"minecraft:leave_game":1,"minecraft:walk_on_water_one_cm":14067,"minecraft:time_since_death":1961,"minecraft:sleep_in_bed":1,"minecraft:climb_one_cm":194,"minecraft:total_world_time":78437,"minecraft:hex":0,"minecraft:fall_one_cm":31165},"minecraft:dropped":{"minecraft:bread":7,"minecraft:stone_sword":2,"minecraft:torch":1,"minecraft:leather_boots":1,"minecraft:apple":9}},"DataVersion":3465}