{"stats":{"minecraft:picked_up":{"minecraft:wheat_seeds":1,"minecraft:player_head":3,"minecraft:carrot":2},"minecraft:used":{"darkbread:redstone_bread":1,"minecraft:carrot":1,"minecraft:player_head":9},"minecraft:mined":{"minecraft:grass":2,"minecraft:player_wall_head":1},"minecraft:custom":{"minecraft:time_since_rest":9901,"minecraft:open_chest":13,"minecraft:play_time":30437,"minecraft:sprint_one_cm":8448,"minecraft:walk_one_cm":25163,"minecraft:damage_taken":560,"minecraft:deaths":2,"minecraft:walk_under_water_one_cm":6414,"minecraft:jump":41,"minecraft:leave_game":1,"minecraft:time_since_death":9868,"minecraft:walk_on_water_one_cm":1330,"minecraft:total_world_time":30437,"minecraft:hex":0,"minecraft:interact_with_crafting_table":1,"minecraft:fall_one_cm":3270,"minecraft:fly_one_cm":3039}},"DataVersion":3465}