{"stats":{"minecraft:crafted":{"minecraft:stone_pickaxe":1,"minecraft:torch":28},"minecraft:picked_up":{"minecraft:golden_helmet":2,"minecraft:raw_iron":2,"minecraft:crafting_table":1,"minecraft:torch":5,"minecraft:potato":1,"minecraft:sand":2,"magistuarmory:rustedkettlehat":1,"minecraft:carrot":5,"minecraft:lapis_lazuli":28,"minecraft:zombie_head":5,"minecraft:leather_boots":1,"minecraft:stone_sword":2,"minecraft:rotten_flesh":12,"minecraft:apple":9,"minecraft:diamond":4,"minecraft:wheat_seeds":1,"minecraft:cobbled_deepslate":24,"minecraft:iron_ingot":2,"minecraft:player_head":7,"minecraft:bread":7,"minecraft:coal":7,"minecraft:cobblestone":42,"minecraft:diamond_pickaxe":1},"minecraft:used":{"minecraft:diamond_pickaxe":21,"minecraft:apple":9,"minecraft:stone_sword":100,"minecraft:bundle":1,"minecraft:stone_pickaxe":67,"minecraft:player_head":9,"minecraft:torch":27,"minecraft:cobblestone":69,"darkbread:redstone_bread":2,"minecraft:crafting_table":1,"minecraft:carrot":2,"darkbread:obsidian_bread":1,"minecraft:cobbled_deepslate":3},"minecraft:killed":{"minecraft:zombie":5},"minecraft:killed_by":{"minecraft:player":1,"minecraft:skeleton":1,"minecraft:zombie":3},"minecraft:mined":{"minecraft:cobbled_deepslate":3,"minecraft:deepslate_diamond_ore":4,"minecraft:iron_ore":2,"minecraft:player_wall_head":1,"minecraft:moss_carpet":1,"minecraft:deepslate_lapis_ore":4,"minecraft:crafting_table":1,"minecraft:torch":1,"minecraft:grass":2,"minecraft:coal_ore":7,"minecraft:cobblestone":3,"minecraft:stone":40,"minecraft:deepslate":21,"minecraft:wall_torch":3},"minecraft:custom":{"minecraft:time_since_rest":14014,"minecraft:sprint_one_cm":56115,"minecraft:damage_taken":2894,"minecraft:walk_one_cm":103146,"minecraft:mob_kills":5,"minecraft:drop":6,"minecraft:damage_dealt":1267,"minecraft:damage_dealt_absorbed":716,"minecraft:interact_with_crafting_table":3,"minecraft:swim_one_cm":40137,"minecraft:fly_one_cm":31875,"minecraft:open_chest":26,"minecraft:crouch_one_cm":333,"minecraft:play_time":90437,"minecraft:deaths":10,"minecraft:sneak_time":168,"minecraft:walk_under_water_one_cm":17259,"minecraft:damage_dealt_resisted":1291,"minecraft:jump":380,"minecraft:leave_game":1,"minecraft:walk_on_water_one_cm":15418,"minecraft:time_since_death":13961,"minecraft:sleep_in_bed":1,"minecraft:climb_one_cm":194,"minecraft:total_world_time":90437,"minecraft:hex":0,"minecraft:fall_one_cm":32105},"minecraft:dropped":{"minecraft:bread":7,"minecraft:stone_sword":2,"minecraft:torch":1,"minecraft:leather_boots":1,"minecraft:apple":9}},"DataVersion":3465}