{"stats":{"minecraft:crafted":{"minecraft:stone_pickaxe":1,"minecraft:torch":28},"minecraft:picked_up":{"minecraft:golden_helmet":2,"minecraft:raw_iron":2,"minecraft:crafting_table":1,"minecraft:torch":5,"minecraft:sand":2,"minecraft:carrot":2,"minecraft:lapis_lazuli":1,"minecraft:leather_boots":1,"minecraft:stone_sword":2,"minecraft:apple":9,"minecraft:wheat_seeds":1,"minecraft:player_head":3,"minecraft:bread":7,"minecraft:coal":7,"minecraft:cobblestone":42},"minecraft:used":{"minecraft:apple":5,"minecraft:bundle":1,"minecraft:stone_pickaxe":56,"minecraft:player_head":9,"minecraft:torch":2,"minecraft:cobblestone":67,"darkbread:redstone_bread":1,"minecraft:crafting_table":1,"minecraft:carrot":2},"minecraft:killed_by":{"minecraft:skeleton":1},"minecraft:mined":{"minecraft:iron_ore":2,"minecraft:player_wall_head":1,"minecraft:moss_carpet":1,"minecraft:crafting_table":1,"minecraft:torch":1,"minecraft:grass":2,"minecraft:coal_ore":7,"minecraft:cobblestone":3,"minecraft:stone":40,"minecraft:wall_torch":3},"minecraft:custom":{"minecraft:time_since_rest":2388,"minecraft:sprint_one_cm":40156,"minecraft:damage_taken":1516,"minecraft:walk_one_cm":67052,"minecraft:drop":6,"minecraft:damage_dealt":38,"minecraft:damage_dealt_absorbed":5,"minecraft:interact_with_crafting_table":3,"minecraft:swim_one_cm":40137,"minecraft:fly_one_cm":25466,"minecraft:open_chest":24,"minecraft:crouch_one_cm":248,"minecraft:play_time":66437,"minecraft:deaths":6,"minecraft:sneak_time":102,"minecraft:walk_under_water_one_cm":17106,"minecraft:damage_dealt_resisted":3,"minecraft:jump":312,"minecraft:leave_game":1,"minecraft:walk_on_water_one_cm":13004,"minecraft:time_since_death":2331,"minecraft:climb_one_cm":194,"minecraft:total_world_time":66437,"minecraft:hex":0,"minecraft:fall_one_cm":17929},"minecraft:dropped":{"minecraft:bread":7,"minecraft:stone_sword":2,"minecraft:torch":1,"minecraft:leather_boots":1,"minecraft:apple":9}},"DataVersion":3465}