{"stats":{"minecraft:mined":{"minecraft:nether_gold_ore":5,"mythicmetals:platinum_ore":1,"minecraft:spruce_planks":2,"mythicmetals:midas_gold_ore":2,"regions_unexplored:mycotoxic_moss":1,"croptopia:sweetpotato_crop":2,"crystals_overhauled:saphire_ore":7,"regions_unexplored:glowing_yellow_bioshroom_block":1,"minecraft:grass_block":1,"clutter:deepslate_silver_ore":5,"minecraft:cobblestone":1,"minecraft:tall_grass":1,"crystals_overhauled:celestite_ore":3,"minecraft:wall_torch":3,"minecraft:diorite":2,"minecraft:spruce_stairs":1,"minecraft:grass":2,"minecraft:coal_ore":18,"minecraft:oak_log":5,"minecraft:dirt":1,"minecraft:stone":1,"minecraft:netherrack":89,"minecraft:player_head":2,"minecraft:deepslate":5,"expores:nether_experience_ore":5},"minecraft:dropped":{"amethyst_imbuement:glistering_tome":1,"minecraft:bread":7,"minecraft:player_head":7,"minecraft:stone_sword":4,"minecraft:glass_bottle":1,"minecraft:rotten_flesh":4,"minecraft:apple":9,"patchouli:guide_book":2,"minecraft:red_mushroom":2,"regions_unexplored:mycotoxic_grass":2,"minecraft:dirt":2,"minecraft:diorite":2,"regions_unexplored:maple_leaf_pile":2,"minecraft:skeleton_skull":1,"minecraft:torch":1,"minecraft:bundle":1,"minecraft:leather_boots":1,"minecraft:zombie_head":1,"minecraft:potion":1,"minecraft:gold_nugget":18,"minecraft:sand":2,"minecraft:iron_pickaxe":1,"regions_unexplored:orange_maple_leaf_pile":3,"regions_unexplored:yellow_bioshroom":4,"minecraft:gold_ingot":1},"minecraft:killed_by":{"minecraft:wither_skeleton":2,"minecraft:skeleton":5,"minecraft:creeper":3,"minecraft:zombie":1,"minecraft:enderman":1,"minecraft:magma_cube":1},"minecraft:broken":{"minecraft:leather_boots":1,"magistuarmory:rustedhalfarmor_chestplate":1,"minecraft:golden_leggings":1},"minecraft:custom":{"lootr:looted_stat":6,"minecraft:mob_kills":4,"minecraft:interact_with_crafting_table":6,"minecraft:damage_dealt_resisted":564,"minecraft:time_since_death":286,"minecraft:climb_one_cm":134,"minecraft:hex":0,"minecraft:time_since_rest":320,"minecraft:sprint_one_cm":132036,"minecraft:damage_absorbed":110,"minecraft:damage_taken":6191,"minecraft:walk_one_cm":107723,"minecraft:damage_blocked_by_shield":1695,"minecraft:drop":65,"minecraft:damage_dealt":884,"minecraft:damage_dealt_absorbed":334,"minecraft:fly_one_cm":175480,"minecraft:player_kills":1,"minecraft:open_chest":7,"minecraft:crouch_one_cm":9696,"minecraft:play_time":71265,"minecraft:deaths":13,"minecraft:walk_under_water_one_cm":135,"minecraft:sneak_time":6904,"minecraft:jump":1299,"minecraft:walk_on_water_one_cm":1568,"minecraft:total_world_time":71265,"minecraft:fall_one_cm":39977},"minecraft:killed":{"minecraft:bat":1,"minecraft:skeleton":1,"minecraft:zombie":1,"batsgalore:wither_skeleton_bat":1},"minecraft:picked_up":{"regions_unexplored:mycotoxic_grass":2,"magistuarmory:rustedhalfarmor_chestplate":1,"mythicmetals:raw_banglum":1,"croptopia:sweetpotato_seed":2,"minecraft:red_mushroom":4,"minecraft:oak_log":5,"mythicmetals:raw_platinum":1,"minecraft:dirt":3,"minecraft:leather_boots":1,"amethyst_imbuement:glistering_tome":1,"minecraft:zombie_head":1,"minecraft:apple":9,"minecraft:beetroot":3,"croptopia:sweetpotato":2,"minecraft:gold_nugget":18,"minecraft:cobbled_deepslate":3,"minecraft:spruce_planks":2,"regions_unexplored:maple_leaf_pile":2,"mythicmetals:raw_midas_gold":6,"minecraft:player_head":8,"batsgalore:wither_skull_candy":1,"minecraft:iron_pickaxe":2,"regions_unexplored:yellow_bioshroom":4,"regions_unexplored:orange_maple_leaf_pile":3,"minecraft:stick":1,"patchouli:guide_book":2,"minecraft:torch":4,"minecraft:spruce_stairs":1,"minecraft:sand":2,"minecraft:diorite":4,"crystals_overhauled:saphire":14,"minecraft:carrot":1,"minecraft:stone_sword":2,"minecraft:rotten_flesh":4,"minecraft:diamond":1,"minecraft:golden_apple":1,"minecraft:gold_ingot":2,"minecraft:bread":7,"minecraft:netherrack":114,"minecraft:coal":17,"crystals_overhauled:celestite":3,"minecraft:skeleton_skull":1,"minecraft:cobblestone":13},"minecraft:crafted":{"minecraft:oak_planks":20,"minecraft:crafting_table":1,"minecraft:shield":1,"minecraft:torch":8},"minecraft:used":{"minecraft:beetroot":3,"minecraft:stone_sword":14,"minecraft:bundle":1,"minecraft:spruce_planks":2,"minecraft:shield":11,"minecraft:player_head":1,"minecraft:netherrack":92,"minecraft:torch":7,"minecraft:dirt":1,"minecraft:crafting_table":1,"minecraft:spruce_stairs":1,"croptopia:sweetpotato":2,"darkbread:obsidian_bread":2,"spellbladenext:glacial_gladius":15,"minecraft:apple":9,"minecraft:bread":7,"minecraft:iron_pickaxe":149,"darkbread:diamond_bread":4,"minecraft:golden_leggings":1,"minecraft:potion":1,"minecraft:cobblestone":7}},"DataVersion":3465}