{"stats":{"minecraft:crafted":{"minecraft:oak_planks":292,"fpapmod:fell_paladin_armor_t1_legs":1,"regions_unexplored:maple_planks":48,"mythicmetals:copper_boots":4,"minecraft:stone":320,"minecraft:glass":35,"minecraft:bow":3,"runes:frost_stone":108,"minecraft:chest":16,"mythicmetals:tin_ingot":26,"fpapmod:fell_paladin_armor_t1_chest":2,"minecraft:crafting_table":2,"travelersbackpack:standard":1,"minecraft:wooden_pickaxe":1,"minecraft:red_wool":2,"minecraft:copper_ingot":169,"minecraft:birch_planks":4,"travelersbackpack:red_sleeping_bag":1,"azure-paxels:stone_paxel":25,"minecraft:stick":196,"minecraft:iron_ingot":25,"minecraft:iron_pickaxe":1,"minecraft:iron_block":3,"minecraft:stone_sword":1,"minecraft:snow_block":31,"minecraft:gold_ingot":52,"minecraft:shears":1,"darkblades:dark_ingot":4,"magistuarmory:leather_strip":12,"minecraft:redstone":5,"paladins:paladin_armor_feet":1,"minecraft:stone_shovel":26,"minecraft:fishing_rod":1,"clutter:silver_ingot":17,"minecraft:iron_nugget":36,"simplyswords:mythicmetals_compat/bronze/bronze_scythe":2,"minecraft:furnace":6,"crystals_overhauled:heliodor_pickaxe":1,"minecraft:bone_meal":90,"mythicmetals:bronze_ingot":3,"graveyard:leaning_wither_skeleton":1,"magistuarmory:hilt":1,"minecraft:diamond":2,"paladins:paladin_armor_chest":1,"fpapmod:fell_paladin_armor_t1_head":1,"magistuarmory:copper_claymore":1,"paladins:paladin_armor_legs":1,"minecraft:stone_pickaxe":32,"magistuarmory:copper_shortsword":1,"mythicmetals:copper_helmet":4,"mythicmetals:copper_leggings":4,"paladins:paladin_armor_head":1,"mythicmetals:copper_chestplate":4,"simplyswords:diamond_chakram":1,"minecraft:cooked_beef":10,"minecraft:red_dye":3,"simplyswords:iron_chakram":1,"travelersbackpack:backpack_tank":4,"mythicmetals:copper_pickaxe":2,"fpapmod:fell_paladin_armor_t1_feet":1,"mythicmetals:silver_ingot":5,"minecraft:bucket":2,"minecraft:stone_axe":26,"minecraft:rabbit_foot":9,"minecraft:air":0,"graveyard:wither_torso_pile":1,"minecraft:anvil":2,"minecraft:white_bed":2,"minecraft:torch":44,"additional_rpg_jewelry:rage_necklace":1},"minecraft:broken":{"azure-paxels:stone_paxel":13,"minecraft:iron_shovel":1,"simplyswords:iron_chakram":1,"minecraft:iron_boots":1,"minecraft:iron_chestplate":1,"minecraft:iron_leggings":1,"mythicmetals:copper_helmet":1,"mythicmetals:copper_chestplate":1,"minecraft:stone_pickaxe":4,"fpapmod:fell_paladin_armor_t1_head":1,"mythicmetals:copper_boots":1,"paladins:paladin_armor_feet":1,"mythicmetals:copper_pickaxe":1,"magistuarmory:rustedchainmail_boots":1,"fpapmod:fell_paladin_armor_t1_legs":1,"paladins:paladin_armor_chest":1,"magistuarmory:rustedcrusader_chestplate":1,"magistuarmory:rustedgreathelm":1,"immersive_armors:wooden_helmet":1,"minecraft:leather_boots":1,"minecraft:iron_helmet":1,"minecraft:golden_pickaxe":1,"paladins:paladin_armor_head":1,"mythicmetals:copper_leggings":1,"fpapmod:fell_paladin_armor_t1_feet":1,"paladins:paladin_armor_legs":1},"minecraft:picked_up":{"minecraft:wheat":6,"minecraft:creeper_head":9,"croptopia:broccoli":3,"minecraft:diamond_sword":1,"soulsweapons:moonstone":4,"regions_unexplored:maple_planks":1,"croptopia:cabbage_seed":2,"minecraft:string":32,"croptopia:lettuce":1,"minecraft:raw_copper":169,"biomemakeover:cladded_chestplate":1,"minecraft:zombie_head":94,"minecraft:gold_nugget":37,"minecraft:cobbled_deepslate":1,"bosses_of_mass_destruction:soul_star":2,"minecraft:spruce_planks":11,"crystals_overhauled:heliodor_pickaxe":1,"croptopia:mustard_seed":3,"minecraft:iron_pickaxe":1,"paladins:iron_great_hammer":1,"minecraft:iron_boots":2,"minecraft:diamond_ore":2,"elemental_wizards_rpg:elemental_legs":1,"minecraft:stick":15,"croptopia:cucumber":3,"croptopia:barley_seed":3,"minecraft:torch":29,"magistuarmory:rusted_heavymace":1,"magistuarmory:rustedcrusader_chestplate":2,"amethyst_imbuement:garnet":1,"minecraft:stone_sword":1,"minecraft:rotten_flesh":306,"crystals_overhauled:heliodor":36,"minecraft:snowball":127,"croptopia:cabbage":2,"minecraft:cobblestone":2171,"paraglider:paraglider":1,"croptopia:lettuce_seed":2,"minecraft:birch_log":1,"minecraft:feather":16,"magistuarmory:rustedchainmail_boots":4,"croptopia:broccoli_seed":3,"minecraft:andesite":8,"minecraft:potato":50,"minecraft:flint":15,"minecraft:tuff":1,"tatimod:ancient_tanzanite_necklace":1,"amethyst_imbuement:book_of_lore":3,"minecraft:lapis_lazuli":88,"minecraft:dirt":299,"biomemakeover:crude_fragment":4,"minecraft:leather_boots":1,"minecraft:bone":162,"minecraft:chipped_anvil":1,"croptopia:corn":1,"croptopia:sweetpotato":4,"minecraft:bow":18,"minecraft:wheat_seeds":60,"biomemakeover:cladded_leggings":1,"crystals_overhauled:citrine":4,"croptopia:bellpepper":2,"minecraft:moss_block":4,"spellbladenext:frost_claymore":2,"mythicmetals:raw_silver":5,"minecraft:oak_planks":31,"croptopia:chile_pepper_seed":2,"regions_unexplored:mycotoxic_mushrooms":9,"croptopia:mustard":2,"minecraft:sand":115,"amethyst_imbuement:iridescent_orb":2,"croptopia:oat":1,"minecraft:grass_block":1,"magistuarmory:rustedgreathelm":2,"jewelry:diamond_necklace":1,"croptopia:chile_pepper":1,"regions_unexplored:glister_bulb":4,"clutter:copper_coin":55,"minecraft:diamond":19,"tctimod:cursed_tanzanite_belt":1,"minecraft:granite":7,"spellbladenext:frost_blade":1,"soulsweapons:verglas":2,"minecraft:emerald":4,"minecraft:bread":7,"amethyst_imbuement:citrine":4,"minecraft:oak_sapling":4,"minecraft:netherrack":44,"minecraft:crafting_table":2,"minecraft:azure_bluet":2,"minecraft:chicken":2,"croptopia:peach":2,"croptopia:sweetpotato_seed":6,"minecraft:cornflower":3,"paladins:golden_kite_shield":1,"minecraft:moss_carpet":4,"minecraft:iron_axe":1,"minecraft:flint_and_steel":1,"croptopia:bellpepper_seed":2,"minecraft:iron_shovel":1,"minecraft:mycelium":1,"croptopia:soybean":1,"regions_unexplored:orange_maple_sapling":3,"clutter:raw_silver":17,"simplyswords:runic_tablet":1,"crystals_overhauled:malachite":26,"minecraft:beef":10,"minecraft:player_head":45,"minecraft:poppy":3,"minecraft:sugar_cane":86,"minecraft:egg":4,"minecraft:raw_iron":25,"croptopia:corn_seed":1,"croptopia:soybean_seed":1,"magistuarmory:rustedbarbute":1,"magistuarmory:rustedkettlehat":1,"mythicmetals:raw_tin":28,"crystals_overhauled:saphire":2,"minecraft:carrot":64,"runes:healing_stone":49,"immersive_armors:wooden_helmet":1,"minecraft:arrow":230,"immersive_armors:warrior_chestplate":1,"minecraft:gold_ingot":3,"minecraft:bone_block":25,"minecraft:skeleton_skull":52,"minecraft:white_wool":24,"minecraft:stripped_oak_log":1,"minecraft:leather":9,"minecraft:red_mushroom":2,"minecraft:oak_log":61,"minecraft:gunpowder":2,"minecraft:white_banner":1,"croptopia:barley":4,"immersive_armors:heavy_chestplate":1,"minecraft:apple":20,"minecraft:iron_ingot":60,"darkblades:dark_dust":8,"minecraft:book":2,"graveyard:ossuary":5,"minecraft:quartz":48,"minecraft:dandelion":7,"croptopia:cucumber_seed":2,"minecraft:gravel":102,"minecraft:amethyst_shard":6,"minecraft:white_bed":3,"magistuarmory:rustedchainmail_leggings":4,"minecraft:spider_eye":32,"biomemakeover:cladding_upgrade_smithing_template":2,"immersive_aircraft:telescope":1,"minecraft:firework_rocket":20,"magistuarmory:rustedchainmail_helmet":2,"croptopia:oat_seed":2,"runes:frost_stone":13,"magistuarmory:rusted_bastardsword":2,"immersive_armors:wooden_chestplate":1,"minecraft:redstone_ore":5,"regions_unexplored:maple_log":59,"paladins:iron_mace":1,"crystals_overhauled:celestite":5,"minecraft:coal":107,"minecraft:ender_pearl":3},"minecraft:used":{"spellbladenext:frost_claymore":200,"darkbread:gold_bread":3,"minecraft:iron_shovel":35,"minecraft:bone_block":3,"minecraft:chest":7,"minecraft:stone":129,"darkbread:ender_bread":5,"minecraft:player_head":19,"minecraft:rotten_flesh":32,"minecraft:iron_chestplate":1,"minecraft:carrot":1,"mythicmetals:copper_helmet":1,"minecraft:lava_bucket":1,"minecraft:iron_helmet":1,"paladins:paladin_armor_head":5,"darkbread:prismarine_bread":7,"croptopia:peach":2,"minecraft:bow":6,"mythicmetals:copper_pickaxe":187,"minecraft:furnace":3,"minecraft:skeleton_skull":32,"minecraft:potato":8,"graveyard:wither_torso_pile":1,"minecraft:stone_pickaxe":530,"minecraft:oak_planks":13,"minecraft:wooden_pickaxe":17,"minecraft:sugar_cane":23,"crystals_overhauled:heliodor_pickaxe":239,"minecraft:sand":14,"simplyswords:iron_chakram":321,"minecraft:crossbow":12,"darkbread:obsidian_bread":10,"minecraft:firework_rocket":1,"magistuarmory:rustedchainmail_helmet":6,"paladins:paladin_armor_feet":1,"minecraft:zombie_head":30,"darkbread:green_bread":5,"spellbladenext:frost_blade":1,"minecraft:bread":7,"minecraft:bone":26,"minecraft:gravel":2,"simplyswords:diamond_chakram":551,"graveyard:leaning_wither_skeleton":1,"minecraft:diamond_sword":3,"mythicmetals:copper_boots":1,"minecraft:andesite":1,"minecraft:golden_pickaxe":23,"minecraft:bone_meal":58,"minecraft:stone_sword":80,"minecraft:flint_and_steel":2,"minecraft:stone_shovel":58,"minecraft:spruce_planks":6,"regions_unexplored:maple_planks":39,"minecraft:netherrack":41,"minecraft:torch":56,"minecraft:dirt":91,"minecraft:anvil":1,"darkbread:redstone_bread":3,"paladins:paladin_armor_legs":1,"minecraft:iron_axe":57,"simplyswords:mythicmetals_compat/bronze/bronze_scythe":32,"immersive_armors:heavy_chestplate":1,"mythicmetals:copper_chestplate":1,"croptopia:soybean":1,"minecraft:iron_boots":1,"darkbread:diamond_bread":4,"magistuarmory:copper_claymore":29,"minecraft:golden_carrot":5,"azure-paxels:stone_paxel":1684,"minecraft:cooked_beef":10,"minecraft:cobbled_deepslate":1,"minecraft:water_bucket":40,"minecraft:bundle":1,"elemental_wizards_rpg:elemental_legs":1,"minecraft:leather_boots":1,"graveyard:ossuary":4,"berserker_rpg:iron_berserker_axe":17,"minecraft:crafting_table":4,"minecraft:white_bed":3,"minecraft:oak_log":1,"minecraft:iron_pickaxe":8,"paladins:iron_great_hammer":1,"minecraft:stone_axe":24,"travelersbackpack:standard":6,"minecraft:cobblestone":60,"paladins:paladin_armor_chest":1,"elemental_wizards_rpg:elemental_chest":1,"minecraft:bucket":47,"regions_unexplored:maple_log":1},"minecraft:killed":{"minecraft:witch":1,"minecraft:spider":13,"batsgalore:sculk_bat":1,"minecraft:skeleton":40,"minecraft:chicken":3,"artifacts:mimic":1,"minecraft:creeper":9,"minecraft:pillager":4,"minecraft:zombie":72,"minecraft:cow":3,"medievalorigins:summon_zombie":5,"minecraft:vindicator":1,"medievalorigins:summon_skeleton":2,"minecraft:player":1,"minecraft:enderman":1},"minecraft:killed_by":{"minecraft:zombie_villager":2,"minecraft:wither_skeleton":3,"minecraft:creeper":10,"graveyard:skeleton_creeper":2,"minecraft:zombie":34,"minecraft:player":2,"minecraft:spider":12,"minecraft:enderman":6,"minecraft:skeleton":26},"minecraft:custom":{"lootr:looted_stat":57,"minecraft:interact_with_crafting_table":105,"minecraft:open_barrel":3,"minecraft:eat_cake_slice":4,"minecraft:leave_game":8,"minecraft:time_since_death":6552,"minecraft:sprint_one_cm":1587582,"minecraft:drop":151,"minecraft:play_time":852015,"minecraft:deaths":102,"minecraft:jump":12464,"minecraft:walk_on_water_one_cm":34741,"minecraft:enchant_item":6,"minecraft:interact_with_furnace":136,"minecraft:interact_with_cartography_table":4,"minecraft:damage_dealt":32738,"minecraft:player_kills":2,"minecraft:crouch_one_cm":57540,"minecraft:inspect_dispenser":1,"minecraft:horse_one_cm":57083,"minecraft:interact_with_smithing_table":1,"minecraft:interact_with_anvil":5,"minecraft:mob_kills":181,"minecraft:inspect_hopper":1,"minecraft:damage_dealt_resisted":28861,"minecraft:climb_one_cm":36841,"minecraft:walk_one_cm":2457523,"minecraft:damage_dealt_absorbed":16688,"minecraft:sneak_time":14121,"minecraft:walk_under_water_one_cm":13998,"minecraft:interact_with_blast_furnace":1,"minecraft:total_world_time":852015,"minecraft:tune_noteblock":6,"minecraft:hex":0,"minecraft:time_since_rest":6586,"minecraft:damage_absorbed":23997,"minecraft:damage_taken":41684,"minecraft:swim_one_cm":5252,"minecraft:fly_one_cm":2074482,"minecraft:open_chest":435,"minecraft:threat":15,"minecraft:fall_one_cm":501364},"minecraft:mined":{"croptopia:bellpepper_crop":2,"minecraft:spruce_planks":12,"regions_unexplored:golden_larch_leaves":2,"minecraft:white_bed":3,"regions_unexplored:maple_planks":1,"regions_unexplored:maple_log":56,"croptopia:mustard_crop":2,"minecraft:granite":7,"minecraft:grass_block":10,"crystals_overhauled:celestite_ore":3,"minecraft:spawner":1,"minecraft:iron_ore":17,"crystals_overhauled:malachite_ore":13,"graveyard:leaning_wither_skeleton":1,"graveyard:ossuary":5,"minecraft:moss_carpet":1,"minecraft:azure_bluet":2,"minecraft:skeleton_wall_skull":2,"clutter:silver_ore":6,"soulsweapons:moonstone_ore":4,"minecraft:torch":11,"expores:deepslate_experience_ore":3,"croptopia:oat_crop":1,"crystals_overhauled:saphire_ore":2,"minecraft:poppy":3,"minecraft:nether_quartz_ore":49,"croptopia:broccoli_crop":2,"minecraft:cobblestone":7,"minecraft:wall_torch":8,"minecraft:skeleton_skull":1,"minecraft:seagrass":3,"regions_unexplored:glister_bulb":4,"minecraft:birch_log":1,"croptopia:chile_pepper_crop":1,"minecraft:grass":168,"minecraft:oak_log":61,"minecraft:sand":36,"minecraft:dirt":244,"darkblades:dark_ore":4,"minecraft:zombie_wall_head":1,"minecraft:netherrack":30,"minecraft:deepslate":1,"minecraft:oak_leaves":31,"regions_unexplored:mycotoxic_grass":1,"soulsweapons:verglas_ore":2,"croptopia:cabbage_crop":2,"regions_unexplored:glistering_sprout":1,"minecraft:nether_gold_ore":9,"croptopia:cucumber_crop":1,"minecraft:tuff":1,"mythicmetals:silver_ore":3,"regions_unexplored:maple_leaves":2,"minecraft:moss_block":4,"minecraft:red_mushroom":1,"croptopia:barley_crop":3,"croptopia:corn_crop":1,"minecraft:snow":3,"croptopia:soybean_crop":1,"minecraft:andesite":5,"regions_unexplored:orange_maple_leaves":1,"mythicmetals:tin_ore":20,"crystals_overhauled:citrine_ore":2,"minecraft:deepslate_iron_ore":8,"minecraft:stone":2080,"minecraft:bone_block":5,"expores:nether_experience_ore":7,"minecraft:snow_block":31,"croptopia:lettuce_crop":1,"regions_unexplored:mycotoxic_moss":7,"crystals_overhauled:heliodor_ore":13,"minecraft:dandelion":10,"croptopia:sweetpotato_crop":4,"minecraft:crafting_table":2,"minecraft:cornflower":3,"crystals_overhauled:rhodochrosite_ore":1,"minecraft:copper_ore":43,"minecraft:tall_grass":36,"graveyard:skull_with_rib_cage":1,"minecraft:coal_ore":103,"regions_unexplored:mycotoxic_mushrooms":1,"minecraft:zombie_head":4,"minecraft:gravel":109,"minecraft:chipped_anvil":1},"minecraft:dropped":{"additional_rpg_jewelry:rage_necklace":1,"minecraft:lapis_lazuli":6,"minecraft:oak_log":8,"croptopia:cucumber":1,"minecraft:leather":22,"fpapmod:fell_paladin_armor_t1_chest":1,"amethyst_imbuement:citrine":4,"spellbladenext:frost_blade":1,"minecraft:bone_block":4,"minecraft:sand":6,"regions_unexplored:maple_log":46,"minecraft:iron_pickaxe":1,"immersive_armors:wooden_chestplate":1,"paraglider:paraglider":1,"minecraft:white_wool":18,"minecraft:gravel":2,"simplyswords:runic_tablet":1,"minecraft:sugar_cane":38,"minecraft:oak_planks":52,"minecraft:mycelium":1,"minecraft:carrot":1,"minecraft:skeleton_skull":3,"minecraft:leather_boots":1,"biomemakeover:cladding_upgrade_smithing_template":1,"minecraft:arrow":88,"minecraft:egg":2,"minecraft:bread":7,"minecraft:iron_ingot":112,"paladins:iron_great_hammer":1,"minecraft:wheat_seeds":10,"paladins:iron_mace":1,"clutter:copper_coin":59,"spellbladenext:frost_claymore":1,"minecraft:book":1,"minecraft:cobblestone":284,"minecraft:apple":9,"minecraft:grass_block":1,"minecraft:stick":8,"regions_unexplored:orange_maple_sapling":3,"minecraft:torch":1,"minecraft:zombie_head":3,"minecraft:string":47,"amethyst_imbuement:iridescent_orb":2,"jewelry:diamond_necklace":1,"minecraft:dandelion":7,"runes:frost_stone":28,"minecraft:snow_block":4,"minecraft:moss_carpet":2,"minecraft:player_head":17,"minecraft:stone_sword":1,"elemental_wizards_rpg:elemental_legs":1,"minecraft:tuff":1,"crystals_overhauled:heliodor_pickaxe":1,"minecraft:iron_boots":6,"amethyst_imbuement:book_of_lore":3,"minecraft:potato":2,"magistuarmory:rustedchainmail_helmet":1,"runes:healing_stone":48,"azure-paxels:stone_paxel":1,"minecraft:spruce_planks":1,"paladins:golden_kite_shield":1,"minecraft:andesite":7,"minecraft:bow":2}},"DataVersion":3465}