{"stats":{"minecraft:dropped":{"minecraft:lapis_lazuli":4,"minecraft:cooked_beef":2,"minecraft:glass_bottle":5,"minecraft:crafting_table":1,"minecraft:crossbow":2,"immersive_melodies:lute":1,"minecraft:item_frame":1,"minecraft:emerald":3,"minecraft:dirt":9,"magistuarmory:rusted_bastardsword":1,"minecraft:sand":12,"clutter:onyx_block":2,"magistuarmory:steel_plate":4,"minecraft:white_wool":15,"minecraft:bone":31,"magistuarmory:rustedchainmail_leggings":1,"minecraft:sugar_cane":4,"minecraft:cooked_chicken":2,"minecraft:cobbled_deepslate":131,"minecraft:nether_brick":7,"minecraft:wheat":4,"minecraft:obsidian":3,"minecraft:rotten_flesh":73,"minecraft:oak_planks":19,"minecraft:blaze_powder":16,"minecraft:nether_brick_fence":2,"minecraft:echo_shard":4,"soulsweapons:verglas":1,"minecraft:leather_boots":1,"minecraft:beef":3,"cleannarsenal:something_heavy":1,"minecraft:enchanted_book":1,"minecraft:iron_ingot":6,"mythicupgrades:topaz_crystal_block":1,"minecraft:wheat_seeds":39,"minecraft:cobbled_deepslate_stairs":2,"regions_unexplored:mycotoxic_mushrooms":6,"clutter:copper_coin":10,"spellbladenext:frost_claymore":2,"minecraft:cobblestone":175,"minecraft:book":1,"minecraft:apple":9,"minecraft:granite":14,"minecraft:coal":64,"minecraft:golden_apple":2,"clutter:onyx":8,"regions_unexplored:yellow_bioshroom_stem":6,"travelersbackpack:blank_upgrade":1,"minecraft:string":1,"amethyst_imbuement:iridescent_orb":2,"jewelry:diamond_necklace":1,"minecraft:creeper_head":3,"minecraft:player_head":6,"minecraft:stone_sword":1,"minecraft:dark_oak_sign":2,"minecraft:bowl":6,"croptopia:cabbage_seed":6,"minecraft:iron_boots":1,"extensivediamonds:red_diamond":1,"darkblades:dark_dust":10,"minecraft:cobbled_deepslate_slab":2,"minecraft:nether_bricks":1,"minecraft:polished_deepslate_stairs":1,"paladins:holy_staff":2,"amethyst_imbuement:book_of_lore":4,"minecraft:potato":8,"minecraft:flower_pot":1,"runes:healing_stone":156,"minecraft:spruce_trapdoor":5,"minecraft:spruce_planks":24,"minecraft:spider_eye":16,"minecraft:rabbit_stew":1,"minecraft:bow":4,"minecraft:blue_orchid":1,"minecraft:nether_brick_stairs":3,"minecraft:soul_sand":4,"minecraft:birch_planks":2,"mythicupgrades:topaz_upgrade_smithing_template":1,"darkbread:gold_bread":3,"minecraft:oak_log":3,"minecraft:lantern":1,"minecraft:leather":9,"minecraft:cobblestone_stairs":8,"minecraft:flint":5,"amethyst_imbuement:citrine":4,"mythicmetals:raw_platinum":2,"croptopia:pepper":1,"minecraft:amethyst_shard":3,"mythicupgrades:topaz_potion":2,"regions_unexplored:maple_log":12,"immersive_armors:wooden_chestplate":1,"paraglider:paraglider":2,"immersive_aircraft:telescope":1,"minecraft:gold_ingot":1,"minecraft:gravel":7,"simplyswords:runic_tablet":2,"minecraft:beetroot":1,"minecraft:carrot":24,"minecraft:poppy":1,"minecraft:gunpowder":2,"minecraft:skeleton_skull":8,"biomemakeover:cladding_upgrade_smithing_template":1,"minecraft:cracked_nether_bricks":2,"paladins:iron_great_hammer":1,"minecraft:bread":7,"amethyst_imbuement:garnet":1,"croptopia:lettuce_seed":2,"paladins:iron_mace":1,"croptopia:sweetpotato":3,"crystals_overhauled:rhodochrosite":5,"minecraft:copper_ingot":2,"minecraft:stick":17,"minecraft:deepslate_brick_stairs":5,"tatimod:ancient_tanzanite_necklace":1,"minecraft:diorite":18,"minecraft:torch":26,"extensivediamonds:green_diamond":1,"minecraft:zombie_head":3,"minecraft:iron_leggings":1,"minecraft:iron_axe":1,"croptopia:glowing_calamari":1,"minecraft:dandelion":24,"minecraft:smooth_basalt":21,"minecraft:polished_deepslate":5,"runes:frost_stone":13,"croptopia:oat":1,"minecraft:nether_wart":10,"minecraft:blaze_rod":10,"minecraft:tuff":42,"minecraft:raw_iron":1,"minecraft:deepslate_bricks":21,"tctimod:cursed_tanzanite_belt":1,"minecraft:andesite":11,"minecraft:stone_pickaxe":1,"minecraft:wooden_pickaxe":1,"minecraft:cracked_deepslate_bricks":1},"minecraft:custom":{"minecraft:interact_with_crafting_table":191,"minecraft:open_barrel":4,"minecraft:leave_game":10,"minecraft:time_since_death":11627,"minecraft:damage_blocked_by_shield":1172,"minecraft:play_time":983304,"minecraft:deaths":39,"minecraft:jump":8936,"minecraft:enchant_item":10,"minecraft:interact_with_furnace":115,"minecraft:interact_with_cartography_table":2,"minecraft:sleep_in_bed":20,"minecraft:damage_dealt":28451,"minecraft:interact_with_smoker":15,"minecraft:inspect_dispenser":2,"minecraft:horse_one_cm":260201,"minecraft:interact_with_smithing_table":11,"minecraft:interact_with_anvil":16,"minecraft:damage_dealt_absorbed":12406,"minecraft:sneak_time":94395,"minecraft:interact_with_blast_furnace":34,"minecraft:total_world_time":983304,"minecraft:time_since_rest":11655,"minecraft:fly_one_cm":784677,"minecraft:open_chest":437,"minecraft:fall_one_cm":301753,"lootr:looted_stat":72,"minecraft:sprint_one_cm":337649,"minecraft:drop":330,"minecraft:walk_on_water_one_cm":17977,"minecraft:player_kills":2,"minecraft:crouch_one_cm":342785,"minecraft:mob_kills":174,"minecraft:damage_dealt_resisted":25707,"minecraft:climb_one_cm":71599,"minecraft:walk_one_cm":2783011,"minecraft:walk_under_water_one_cm":120271,"minecraft:hex":0,"minecraft:damage_taken":24314,"minecraft:damage_absorbed":8238,"minecraft:threat":18},"minecraft:mined":{"mythicmetals:deepslate_morkite_ore":53,"extensivediamonds:deepslate_dark_diamond_ore":20,"minecraft:obsidian":26,"minecraft:granite":46,"mythicmetals:deepslate_adamantite_ore":5,"clutter:deepslate_silver_ore":15,"clutter:onyx_block":2,"minecraft:deepslate_bricks":21,"crystals_overhauled:celestite_ore":7,"minecraft:spawner":5,"extensivediamonds:deepslate_green_diamond_ore":34,"minecraft:dark_oak_trapdoor":2,"minecraft:cobbled_deepslate":21,"minecraft:fire":1,"mythicmetals:stormyx_ore":7,"minecraft:moss_carpet":3,"minecraft:deepslate_lapis_ore":13,"minecraft:nether_brick_stairs":3,"minecraft:enchanting_table":9,"minecraft:sculk_shrieker":1,"croptopia:apple_crop":1,"minecraft:deepslate_brick_stairs":6,"regions_unexplored:silt_grass_block":1,"geode_plus:lapis_cluster":6,"minecraft:red_bed":5,"soulsweapons:verglas_ore_deepslate":4,"minecraft:smoker":1,"minecraft:powder_snow":3,"soulsweapons:moonstone_ore":1,"expores:deepslate_experience_ore":12,"things:deepslate_gleaming_ore":1,"minecraft:blast_furnace":2,"expores:experience_ore":2,"minecraft:damaged_anvil":4,"extensivediamonds:deepslate_red_diamond_ore":23,"minecraft:amethyst_block":23,"minecraft:skeleton_skull":1,"minecraft:wheat":2,"amethyst_imbuement:imbuing_table":3,"minecraft:grass":72,"minecraft:smooth_basalt":18,"minecraft:deepslate":383,"minecraft:suspicious_gravel":2,"croptopia:cabbage_crop":1,"minecraft:mossy_cobblestone":2,"perfectbirbs:quetzal_plushie":1,"minecraft:stripped_birch_log":22,"minecraft:nether_bricks":1,"minecraft:cobbled_deepslate_slab":2,"mythicmetals:silver_ore":20,"regions_unexplored:maple_leaves":3,"minecraft:redstone_ore":1,"mythicmetals:quadrillum_ore":13,"minecraft:andesite":18,"mythicmetals:deepslate_mythril_ore":5,"crystals_overhauled:citrine_ore":12,"geode_plus:medium_lapis_bud":2,"minecraft:bone_block":3,"expores:nether_experience_ore":5,"minecraft:smithing_table":3,"minecraft:soul_sand":5,"geode_plus:large_lapis_bud":3,"crystals_overhauled:heliodor_ore":12,"clutter:onyx_cluster":1,"crystals_overhauled:rhodochrosite_ore":2,"clutter:pearl_clam_block":1,"minecraft:tall_grass":6,"minecraft:copper_ore":34,"minecraft:deepslate_gold_ore":56,"minecraft:cracked_deepslate_bricks":1,"minecraft:diorite":38,"jewelry:deepslate_gem_vein":4,"minecraft:gravel":50,"minecraft:cobweb":30,"minecraft:stone_bricks":1,"minecraft:iron_trapdoor":4,"geode_plus:budding_deepslate_redstone":1,"minecraft:spruce_planks":18,"mythicmetals:midas_gold_ore":8,"regions_unexplored:maple_planks":7,"minecraft:cobbled_deepslate_stairs":2,"regions_unexplored:maple_log":99,"mythicupgrades:topaz_crystal_block":2,"minecraft:sculk_vein":8,"crystals_overhauled:peridotite_ore":2,"minecraft:spruce_trapdoor":6,"minecraft:grass_block":54,"regions_unexplored:yellow_bioshroom_stem":4,"geode_plus:echo_crystal":6,"minecraft:glowstone":9,"minecraft:sculk_catalyst":5,"minecraft:iron_ore":102,"crystals_overhauled:malachite_ore":12,"minecraft:anvil":1,"geode_plus:budding_deepslate_lapis":3,"mythicupgrades:topaz_crystal_cluster":2,"minecraft:deepslate_redstone_ore":16,"minecraft:polished_deepslate_stairs":2,"regions_unexplored:stripped_maple_log":1,"crystals_overhauled:saphire_ore":7,"minecraft:calcite":29,"minecraft:nether_quartz_ore":20,"minecraft:cobblestone":77,"minecraft:oak_planks":5,"minecraft:wall_torch":1,"geode_plus:diamond_crystal":3,"mythicmetals:manganese_ore":3,"minecraft:oak_log":19,"minecraft:sand":36,"minecraft:dirt":72,"mythicmetals:morkite_ore":22,"darkblades:dark_ore":33,"graveyard:wither_torso_pile":1,"minecraft:netherrack":79,"minecraft:oak_leaves":3,"croptopia:cucumber_crop":1,"minecraft:diamond_ore":1,"minecraft:crying_obsidian":4,"minecraft:tuff":42,"minecraft:potted_wither_rose":1,"minecraft:deepslate_diamond_ore":6,"wardentools:budding_sculkhyst":3,"minecraft:glow_lichen":1,"wardentools:sculkhyst_block":30,"minecraft:cracked_nether_bricks":2,"minecraft:hay_block":4,"minecraft:oak_trapdoor":3,"minecraft:furnace":4,"regions_unexplored:orange_maple_leaves":1,"mythicmetals:tin_ore":19,"minecraft:nether_brick_fence":2,"minecraft:polished_deepslate":5,"soulsweapons:moonstone_ore_deepslate":5,"minecraft:bookshelf":22,"minecraft:deepslate_iron_ore":35,"mythicmetals:nether_banglum_ore":2,"minecraft:stripped_oak_log":12,"regions_unexplored:medium_grass":1,"minecraft:stone":925,"mythicmetals:platinum_ore":8,"clutter:onyx_ore":2,"minecraft:stripped_dark_oak_log":2,"minecraft:crafting_table":3,"minecraft:andesite_slab":1,"minecraft:sculk_sensor":16,"minecraft:lectern":1,"minecraft:lapis_ore":14,"minecraft:sculk":73,"mythicmetals:deepslate_runite_ore":1,"minecraft:spruce_stairs":4,"minecraft:birch_planks":3,"witcher_rpg:deepslate_silver_ore":8,"geode_plus:small_lapis_bud":1,"wardentools:sculkhyst_cluster":23,"minecraft:magenta_terracotta":1,"regions_unexplored:red_maple_leaf_pile":1,"minecraft:coal_ore":151,"minecraft:terracotta":2,"minecraft:polished_andesite":52,"geode_plus:large_diamond_bud":3,"mythicmetals:banglum_ore":8},"minecraft:killed":{"minecraft:cave_spider":2,"minecraft:skeleton":29,"minecraft:chicken":2,"minecraft:pillager":8,"minecraft:zombie":50,"minecraft:cow":5,"minecraft:husk":2,"minecraft:frog":8,"medievalorigins:summon_skeleton":3,"minecraft:enderman":3,"minecraft:witch":3,"graveyard:skeleton_creeper":2,"minecraft:spider":12,"batsgalore:wither_skeleton_bat":1,"minecraft:pig":1,"minecraft:zombie_villager":9,"minecraft:creeper":12,"minecraft:sheep":3,"minecraft:blaze":5,"medievalorigins:summon_zombie":5,"minecraft:squid":2,"minecraft:wither_skeleton":3,"minecraft:player":2},"minecraft:picked_up":{"minecraft:flower_pot":1,"minecraft:creeper_head":7,"minecraft:anvil":1,"minecraft:smithing_table":3,"minecraft:stone_slab":1,"regions_unexplored:silt_dirt":1,"minecraft:wither_rose":1,"croptopia:cabbage_seed":6,"croptopia:calamari":1,"minecraft:polished_deepslate":5,"minecraft:amethyst_block":23,"minecraft:dark_oak_trapdoor":2,"minecraft:string":109,"clutter:raw_onyx":7,"minecraft:beetroot":1,"minecraft:cobbled_deepslate":381,"minecraft:spruce_planks":54,"crystals_overhauled:rhodochrosite":5,"paladins:iron_great_hammer":1,"minecraft:diamond_ore":1,"minecraft:golden_helmet":1,"minecraft:stone_sword":1,"minecraft:honey_bottle":1,"mythicmetals:raw_manganese":11,"crystals_overhauled:heliodor":29,"minecraft:blaze_rod":10,"croptopia:lettuce_seed":2,"minecraft:cooked_beef":2,"minecraft:feather":10,"minecraft:smoker":1,"minecraft:flint":6,"mythicupgrades:topaz_upgrade_smithing_template":1,"mythicmetals:raw_platinum":9,"minecraft:magenta_terracotta":1,"minecraft:lantern":1,"extensivediamonds:red_diamond":24,"jewelry:sapphire":1,"minecraft:dark_oak_sign":2,"regions_unexplored:yellow_bioshroom_stem":6,"minecraft:glowstone_dust":25,"mythicmetals:raw_silver":28,"clutter:sulphur":6,"minecraft:ink_sac":3,"croptopia:oat":1,"jewelry:diamond_necklace":1,"minecraft:polished_andesite":48,"minecraft:granite":37,"minecraft:bread":7,"minecraft:mud":1,"minecraft:crafting_table":3,"minecraft:nether_wart":10,"jewelry:citrine":1,"paladins:holy_staff":1,"minecraft:red_bed":2,"clutter:raw_silver":44,"mythicmetals:raw_adamantite":6,"minecraft:beef":19,"mythicmetals:raw_midas_gold":30,"minecraft:poppy":1,"mythicmetals:raw_mythril":5,"minecraft:egg":4,"mythicmetals:raw_tin":27,"minecraft:carrot":21,"minecraft:redstone":82,"runes:healing_stone":155,"additional_rpg_jewelry:rage_necklace":1,"minecraft:deepslate_bricks":21,"minecraft:hay_block":4,"minecraft:cracked_deepslate_bricks":1,"croptopia:pepper":2,"minecraft:mutton":5,"minecraft:bone_block":3,"minecraft:white_wool":36,"minecraft:stripped_oak_log":11,"more_jewels:opal":1,"croptopia:glowing_calamari":1,"minecraft:oak_log":30,"cleannarsenal:something_heavy":6,"minecraft:apple":17,"minecraft:stone_bricks":3,"minecraft:glass_bottle":2,"minecraft:dark_oak_slab":1,"minecraft:smooth_basalt":22,"extensivediamonds:dark_diamond":23,"minecraft:cracked_nether_bricks":2,"minecraft:gravel":45,"magistuarmory:rustedchainmail_leggings":1,"minecraft:crying_obsidian":4,"amethyst_imbuement:imbuing_table":3,"minecraft:firework_rocket":28,"more_jewels:aquamarine":1,"mythicmetals:raw_stormyx":7,"croptopia:orange":11,"minecraft:painting":1,"minecraft:redstone_ore":2,"minecraft:gray_wool":3,"regions_unexplored:stripped_maple_log":1,"minecraft:stripped_dark_oak_log":2,"minecraft:ender_pearl":6,"minecraft:wheat":4,"minecraft:nether_brick_fence":2,"croptopia:broccoli":1,"soulsweapons:moonstone":7,"minecraft:potion":1,"regions_unexplored:maple_planks":3,"minecraft:stone_brick_stairs":1,"mythicupgrades:topaz_crystal_shard":8,"croptopia:lettuce":1,"minecraft:raw_copper":125,"minecraft:zombie_head":32,"clutter:onyx_block":2,"minecraft:bucket":2,"minecraft:calcite":29,"batsgalore:wither_skull_candy":1,"minecraft:furnace":4,"minecraft:stick":31,"perfectbirbs:quetzal_plushie":1,"minecraft:polished_deepslate_stairs":1,"minecraft:torch":3,"minecraft:spruce_stairs":6,"minecraft:porkchop":4,"minecraft:snow_block":4,"minecraft:diorite":23,"mythicmetals:morkite":198,"minecraft:rotten_flesh":127,"minecraft:deepslate_brick_stairs":5,"minecraft:obsidian":26,"croptopia:cabbage":1,"minecraft:blaze_powder":16,"minecraft:cobblestone":1178,"paraglider:paraglider":1,"minecraft:enchanting_table":9,"minecraft:andesite":17,"minecraft:potato":13,"minecraft:tuff":42,"minecraft:lapis_lazuli":251,"amethyst_imbuement:book_of_lore":3,"minecraft:stripped_birch_log":22,"minecraft:dirt":148,"biomemakeover:crude_cladding":2,"minecraft:leather_boots":1,"minecraft:bone":47,"croptopia:sweetpotato":4,"minecraft:bow":5,"minecraft:orange_tulip":1,"minecraft:wheat_seeds":41,"minecraft:raw_gold":63,"minecraft:cobbled_deepslate_slab":2,"crystals_overhauled:citrine":25,"spellbladenext:frost_claymore":1,"minecraft:oak_planks":44,"regions_unexplored:mycotoxic_mushrooms":6,"amethyst_imbuement:iridescent_orb":2,"minecraft:sand":67,"mythicmetals:raw_quadrillum":22,"minecraft:nether_brick_stairs":3,"minecraft:mossy_cobblestone":2,"clutter:copper_coin":10,"minecraft:diamond":22,"minecraft:golden_apple":1,"soulsweapons:verglas":4,"minecraft:emerald":3,"amethyst_imbuement:citrine":4,"minecraft:oak_sapling":2,"minecraft:netherrack":86,"clutter:onyx":8,"minecraft:chicken":2,"things:gleaming_powder":1,"croptopia:peach":5,"minecraft:chain":2,"regions_unexplored:red_maple_leaf_pile":2,"minecraft:stone_stairs":1,"minecraft:oak_trapdoor":3,"minecraft:moss_carpet":3,"immersive_melodies:lute":1,"minecraft:item_frame":1,"crystals_overhauled:peridotite":5,"simplyswords:runic_tablet":2,"crystals_overhauled:malachite":30,"minecraft:echo_shard":68,"minecraft:player_head":14,"minecraft:lectern":1,"minecraft:sugar_cane":40,"minecraft:spruce_trapdoor":8,"minecraft:raw_iron":142,"crystals_overhauled:saphire":18,"mythicmetals:raw_runite":2,"minecraft:arrow":130,"minecraft:nether_bricks":1,"minecraft:skeleton_skull":18,"mythicmetals:raw_banglum":15,"minecraft:leather":10,"minecraft:birch_planks":3,"minecraft:cobbled_deepslate_stairs":2,"minecraft:gunpowder":6,"extensivediamonds:green_diamond":34,"jewelry:tanzanite":2,"minecraft:iron_ingot":136,"darkblades:dark_dust":76,"mythicupgrades:topaz_crystal_block":2,"minecraft:soul_sand":5,"minecraft:book":66,"jewelry:topaz":1,"minecraft:pumpkin":1,"minecraft:quartz":22,"minecraft:dandelion":30,"minecraft:blast_furnace":2,"minecraft:spider_eye":80,"biomemakeover:cladding_upgrade_smithing_template":1,"witcher_rpg:raw_silver":8,"magistuarmory:rusted_bastardsword":1,"immersive_armors:wooden_chestplate":2,"regions_unexplored:silver_birch_log":1,"regions_unexplored:maple_log":135,"paladins:iron_mace":1,"minecraft:damaged_anvil":4,"minecraft:coal":157,"crystals_overhauled:celestite":11},"minecraft:killed_by":{"minecraft:zombie_villager":10,"minecraft:zombie":4,"minecraft:husk":2,"minecraft:wither_skeleton":1,"minecraft:creeper":4,"minecraft:spider":1,"minecraft:enderman":2,"minecraft:skeleton":14},"minecraft:broken":{"minecraft:iron_boots":1,"minecraft:iron_chestplate":3,"minecraft:iron_leggings":2,"simplyswords:iron_twinblade":1,"immersive_armors:wooden_chestplate":1,"minecraft:iron_pickaxe":8,"minecraft:iron_helmet":1,"minecraft:golden_helmet":4,"magistuarmory:gothic_boots":1,"minecraft:stone_pickaxe":2,"paladins:paladin_armor_feet":1,"minecraft:leather_boots":1,"minecraft:golden_pickaxe":1,"paladins:paladin_armor_head":1,"paladins:paladin_armor_legs":1},"minecraft:used":{"darkbread:gold_bread":2,"croptopia:calamari":1,"minecraft:chest":4,"minecraft:stone":7,"paladins:holy_staff":2,"minecraft:dark_oak_slab":1,"minecraft:stone_brick_stairs":1,"minecraft:rabbit_stew":3,"darkbread:prismarine_bread":8,"croptopia:peach":5,"croptopia:lettuce":1,"minecraft:furnace":5,"minecraft:oak_sapling":2,"minecraft:egg":2,"minecraft:potato":4,"magistuarmory:rustedchainmail_leggings":1,"regions_unexplored:silver_birch_log":1,"minecraft:diorite":3,"minecraft:stripped_birch_log":11,"minecraft:orange_tulip":1,"minecraft:wooden_pickaxe":40,"darkbread:pog_bread":1,"minecraft:dark_oak_trapdoor":2,"minecraft:sand":3,"minecraft:blast_furnace":2,"darkbread:obsidian_bread":5,"perfectbirbs:quetzal_plushie":1,"croptopia:orange":11,"paladins:paladin_armor_feet":1,"minecraft:zombie_head":4,"darkbread:green_bread":7,"minecraft:lectern":1,"minecraft:diamond_ore":1,"minecraft:diamond_sword":63,"minecraft:smithing_table":1,"minecraft:oak_trapdoor":3,"minecraft:enchanting_table":9,"minecraft:stone_sword":61,"minecraft:netherrack":86,"minecraft:torch":10,"minecraft:anvil":1,"paladins:paladin_armor_legs":2,"minecraft:stone_stairs":1,"archers:heavy_crossbow":45,"minecraft:iron_axe":155,"amethyst_imbuement:imbuing_table":3,"darkbread:diamond_bread":4,"minecraft:smooth_basalt":1,"minecraft:magenta_terracotta":1,"minecraft:cobbled_deepslate":207,"minecraft:wheat_seeds":2,"minecraft:water_bucket":29,"minecraft:birch_planks":10,"minecraft:bundle":1,"mythicupgrades:topaz_crystal_block":1,"minecraft:leather_boots":1,"minecraft:mossy_cobblestone":2,"graveyard:skull_with_rib_cage":1,"minecraft:crafting_table":9,"minecraft:red_bed":2,"paladins:iron_mace":66,"minecraft:mud":1,"minecraft:diamond_pickaxe":885,"minecraft:iron_pickaxe":1628,"paladins:iron_great_hammer":146,"minecraft:cobblestone":741,"minecraft:potion":2,"travelersbackpack:standard":6,"minecraft:cooked_porkchop":4,"minecraft:stripped_oak_log":6,"minecraft:dandelion":2,"fwaystones:waystone":1,"spellbladenext:frost_claymore":10,"minecraft:moss_carpet":3,"minecraft:bone_block":1,"minecraft:creeper_head":3,"minecraft:player_head":6,"minecraft:iron_chestplate":2,"croptopia:broccoli":1,"berserker_rpg:wildling_head":2,"minecraft:carrot":11,"minecraft:obsidian":10,"minecraft:honey_bottle":2,"minecraft:stone_bricks":3,"paladins:paladin_armor_head":3,"immersive_armors:wooden_chestplate":3,"minecraft:hay_block":4,"minecraft:skeleton_skull":3,"minecraft:stone_pickaxe":208,"minecraft:oak_planks":45,"batsgalore:wither_skull_candy":1,"immersive_aircraft:cargo_airship":1,"rogues:warrior_armor_head":1,"minecraft:mushroom_stew":4,"minecraft:crossbow":76,"paladins:iron_kite_shield":9,"minecraft:bread":30,"minecraft:gravel":4,"minecraft:golden_helmet":4,"minecraft:andesite":4,"minecraft:golden_pickaxe":23,"mythicupgrades:sapphire_potion":2,"darkbread:iron_bread":2,"minecraft:redstone_ore":2,"minecraft:spruce_planks":25,"immersive_aircraft:warship":1,"regions_unexplored:maple_planks":148,"minecraft:dirt":131,"darkbread:redstone_bread":3,"minecraft:spruce_stairs":6,"minecraft:granite":16,"minecraft:iron_hoe":132,"minecraft:bookshelf":3,"minecraft:cooked_beef":16,"minecraft:pumpkin":1,"minecraft:cooked_mutton":5,"minecraft:polished_andesite":19,"simplyswords:iron_twinblade":183,"croptopia:sweetpotato":1,"minecraft:painting":1,"minecraft:apple":27,"minecraft:stone_slab":1,"minecraft:stone_axe":74,"minecraft:bucket":31,"minecraft:pumpkin_pie":8,"regions_unexplored:maple_log":8,"rogues:warrior_armor_chest":1},"minecraft:crafted":{"immersive_aircraft:engine":8,"minecraft:smooth_stone":18,"minecraft:rotten_flesh":3,"immersive_aircraft:sturdy_pipes":1,"regions_unexplored:maple_planks":224,"minecraft:lever":4,"paladins:iron_great_hammer":2,"minecraft:bookshelf":6,"minecraft:cooked_mutton":5,"fwaystones:abyss_watcher":4,"minecraft:glass":49,"runes:frost_stone":16,"immersive_aircraft:warship":2,"minecraft:cooked_porkchop":4,"minecraft:soul_campfire":2,"travelersbackpack:standard":4,"minecraft:copper_ingot":125,"mythicmetals:midas_gold_ingot":30,"immersive_aircraft:propeller":1,"paladins:iron_mace":2,"minecraft:iron_pickaxe":16,"minecraft:iron_block":30,"minecraft:gold_ingot":39,"minecraft:saddle":2,"minecraft:spyglass":1,"minecraft:bone_meal":33,"minecraft:white_carpet":168,"travelersbackpack:blank_upgrade":8,"travelersbackpack:gold_tier_upgrade":2,"travelersbackpack:white_sleeping_bag":1,"fwaystones:waystone":4,"minecraft:stone_pickaxe":6,"minecraft:dark_oak_planks":8,"amethyst_imbuement:garnet":1,"amethyst_imbuement:citrine":4,"magistuarmory:steel_plate":40,"minecraft:golden_helmet":4,"paladins:iron_kite_shield":2,"immersive_aircraft:cargo_airship":4,"minecraft:enchanting_table":3,"amethyst_imbuement:imbuing_table":2,"immersive_aircraft:industrial_gears":5,"magistuarmory:gothic_boots":2,"minecraft:flint":8,"minecraft:writable_book":2,"minecraft:iron_leggings":2,"minecraft:oak_planks":168,"magistuarmory:gothic_leggings":2,"immersive_aircraft:telescope":2,"minecraft:cooked_chicken":2,"minecraft:cobblestone_stairs":16,"minecraft:stone":37,"runes:healing_stone":122,"minecraft:bow":1,"minecraft:iron_boots":2,"immersive_aircraft:hull":17,"rogues:warrior_armor_head":2,"immersive_aircraft:steel_boiler":2,"minecraft:chest":28,"minecraft:copper_block":14,"magistuarmory:steel_nugget":27,"travelersbackpack:iron_tier_upgrade":2,"minecraft:crafting_table":7,"minecraft:iron_helmet":2,"minecraft:wooden_pickaxe":2,"immersive_aircraft:rotary_cannon":1,"immersive_melodies:lute":2,"minecraft:birch_planks":76,"magistuarmory:halfarmor_chestplate":1,"minecraft:dispenser":1,"minecraft:iron_chestplate":4,"minecraft:book":10,"minecraft:paper":72,"minecraft:diamond_pickaxe":2,"minecraft:stick":56,"minecraft:iron_ingot":155,"paladins:holy_staff":2,"minecraft:shears":2,"clutter:viking_helmet":2,"paladins:paladin_armor_feet":2,"simplyswords:iron_twinblade":2,"immersive_aircraft:sail":28,"minecraft:furnace":24,"minecraft:blast_furnace":8,"minecraft:piston":11,"minecraft:leather":57,"paladins:paladin_armor_legs":2,"minecraft:iron_hoe":2,"magistuarmory:steel_ingot":42,"paladins:paladin_armor_head":2,"travelersbackpack:diamond_tier_upgrade":1,"immersive_aircraft:airship":4,"minecraft:cooked_beef":16,"paraglider:paraglider":4,"immersive_aircraft:enhanced_propeller":1,"immersive_aircraft:boiler":8,"magistuarmory:gothic_chestplate":2,"travelersbackpack:backpack_tank":8,"mythicmetals:morkite_block":42,"minecraft:stone_axe":2,"minecraft:air":0,"minecraft:white_wool":52,"minecraft:gold_nugget":36,"minecraft:white_dye":33,"minecraft:chipped_anvil":8,"minecraft:anvil":8,"minecraft:torch":44,"minecraft:lapis_block":42}},"DataVersion":3465}