{"stats":{"minecraft:dropped":{"minecraft:nether_brick_stairs":3,"minecraft:birch_planks":2,"minecraft:oak_log":3,"minecraft:lapis_lazuli":4,"darkbread:gold_bread":3,"minecraft:cooked_beef":2,"minecraft:glass_bottle":5,"minecraft:crossbow":1,"immersive_melodies:lute":1,"minecraft:item_frame":1,"minecraft:flint":1,"minecraft:emerald":3,"amethyst_imbuement:citrine":4,"minecraft:dirt":9,"mythicmetals:raw_platinum":2,"minecraft:amethyst_shard":3,"minecraft:sand":12,"clutter:onyx_block":2,"paraglider:paraglider":2,"minecraft:white_wool":15,"immersive_aircraft:telescope":1,"minecraft:gold_ingot":1,"minecraft:bone":17,"magistuarmory:rustedchainmail_leggings":1,"minecraft:gravel":7,"simplyswords:runic_tablet":1,"minecraft:cobbled_deepslate":67,"minecraft:wheat":4,"minecraft:beetroot":1,"minecraft:rotten_flesh":45,"minecraft:oak_planks":3,"minecraft:nether_brick_fence":2,"minecraft:poppy":1,"soulsweapons:verglas":1,"minecraft:skeleton_skull":1,"minecraft:leather_boots":1,"biomemakeover:cladding_upgrade_smithing_template":1,"minecraft:cracked_nether_bricks":2,"minecraft:bread":7,"minecraft:iron_ingot":2,"paladins:iron_great_hammer":1,"amethyst_imbuement:garnet":1,"croptopia:lettuce_seed":2,"mythicupgrades:topaz_crystal_block":1,"minecraft:wheat_seeds":39,"minecraft:cobbled_deepslate_stairs":2,"regions_unexplored:mycotoxic_mushrooms":6,"spellbladenext:frost_claymore":2,"minecraft:cobblestone":175,"minecraft:book":1,"minecraft:apple":9,"crystals_overhauled:rhodochrosite":5,"minecraft:granite":14,"minecraft:stick":8,"clutter:onyx":8,"regions_unexplored:yellow_bioshroom_stem":6,"minecraft:deepslate_brick_stairs":5,"minecraft:diorite":18,"minecraft:torch":15,"minecraft:zombie_head":3,"extensivediamonds:green_diamond":1,"minecraft:iron_axe":1,"minecraft:smooth_basalt":21,"minecraft:dandelion":24,"croptopia:glowing_calamari":1,"minecraft:polished_deepslate":5,"runes:frost_stone":13,"croptopia:oat":1,"minecraft:creeper_head":1,"minecraft:player_head":2,"minecraft:stone_sword":1,"minecraft:dark_oak_sign":2,"minecraft:bowl":6,"minecraft:raw_iron":1,"minecraft:iron_boots":1,"extensivediamonds:red_diamond":1,"darkblades:dark_dust":10,"minecraft:cobbled_deepslate_slab":2,"minecraft:nether_bricks":1,"minecraft:polished_deepslate_stairs":1,"paladins:holy_staff":2,"amethyst_imbuement:book_of_lore":3,"minecraft:deepslate_bricks":21,"minecraft:potato":1,"tctimod:cursed_tanzanite_belt":1,"runes:healing_stone":108,"minecraft:spruce_trapdoor":5,"minecraft:andesite":11,"minecraft:spider_eye":16,"minecraft:rabbit_stew":1,"minecraft:blue_orchid":1,"minecraft:bow":1,"minecraft:stone_pickaxe":1,"minecraft:wooden_pickaxe":1,"minecraft:cracked_deepslate_bricks":1},"minecraft:custom":{"lootr:looted_stat":44,"minecraft:interact_with_crafting_table":184,"minecraft:open_barrel":3,"minecraft:leave_game":10,"minecraft:time_since_death":77994,"minecraft:sprint_one_cm":304840,"minecraft:damage_blocked_by_shield":375,"minecraft:drop":247,"minecraft:play_time":875304,"minecraft:deaths":25,"minecraft:jump":8620,"minecraft:walk_on_water_one_cm":16889,"minecraft:enchant_item":10,"minecraft:interact_with_furnace":113,"minecraft:interact_with_cartography_table":2,"minecraft:sleep_in_bed":16,"minecraft:damage_dealt":24307,"minecraft:player_kills":2,"minecraft:crouch_one_cm":304150,"minecraft:interact_with_smoker":14,"minecraft:interact_with_smithing_table":8,"minecraft:inspect_dispenser":2,"minecraft:horse_one_cm":249064,"minecraft:interact_with_anvil":16,"minecraft:mob_kills":157,"minecraft:damage_dealt_resisted":19803,"minecraft:climb_one_cm":57853,"minecraft:walk_one_cm":2458151,"minecraft:damage_dealt_absorbed":10755,"minecraft:sneak_time":82723,"minecraft:walk_under_water_one_cm":117447,"minecraft:interact_with_blast_furnace":30,"minecraft:total_world_time":875304,"minecraft:hex":0,"minecraft:time_since_rest":41373,"minecraft:damage_absorbed":5902,"minecraft:damage_taken":14681,"minecraft:fly_one_cm":745815,"minecraft:open_chest":424,"minecraft:threat":14,"minecraft:fall_one_cm":260208},"minecraft:killed":{"minecraft:cave_spider":2,"minecraft:witch":3,"graveyard:skeleton_creeper":2,"minecraft:spider":12,"minecraft:skeleton":15,"batsgalore:wither_skeleton_bat":1,"minecraft:chicken":2,"minecraft:pig":1,"minecraft:zombie_villager":9,"minecraft:creeper":12,"minecraft:sheep":3,"minecraft:pillager":8,"minecraft:zombie":48,"minecraft:cow":5,"minecraft:blaze":5,"medievalorigins:summon_zombie":4,"minecraft:husk":2,"minecraft:frog":8,"minecraft:squid":2,"medievalorigins:summon_skeleton":3,"minecraft:wither_skeleton":3,"minecraft:player":2,"minecraft:enderman":3},"minecraft:picked_up":{"minecraft:wheat":4,"minecraft:nether_brick_fence":2,"minecraft:creeper_head":7,"minecraft:smithing_table":1,"minecraft:stone_slab":1,"regions_unexplored:silt_dirt":1,"croptopia:broccoli":1,"soulsweapons:moonstone":7,"minecraft:potion":1,"regions_unexplored:maple_planks":2,"croptopia:cabbage_seed":3,"croptopia:calamari":1,"minecraft:stone_brick_stairs":1,"mythicupgrades:topaz_crystal_shard":8,"minecraft:amethyst_block":23,"clutter:raw_onyx":7,"minecraft:polished_deepslate":5,"minecraft:string":109,"minecraft:dark_oak_trapdoor":2,"croptopia:lettuce":1,"minecraft:raw_copper":125,"minecraft:zombie_head":29,"minecraft:beetroot":1,"clutter:onyx_block":2,"minecraft:cobbled_deepslate":381,"minecraft:bucket":2,"minecraft:spruce_planks":8,"crystals_overhauled:rhodochrosite":5,"minecraft:calcite":29,"batsgalore:wither_skull_candy":1,"paladins:iron_great_hammer":1,"minecraft:furnace":4,"minecraft:diamond_ore":1,"minecraft:golden_helmet":1,"minecraft:stick":31,"perfectbirbs:quetzal_plushie":1,"minecraft:polished_deepslate_stairs":1,"minecraft:torch":3,"minecraft:spruce_stairs":6,"minecraft:snow_block":4,"minecraft:porkchop":4,"minecraft:diorite":23,"mythicmetals:morkite":198,"minecraft:stone_sword":1,"minecraft:honey_bottle":1,"minecraft:rotten_flesh":125,"mythicmetals:raw_manganese":11,"crystals_overhauled:heliodor":29,"minecraft:blaze_rod":10,"minecraft:deepslate_brick_stairs":5,"minecraft:obsidian":23,"minecraft:blaze_powder":16,"croptopia:cabbage":1,"minecraft:cobblestone":1175,"croptopia:lettuce_seed":2,"minecraft:enchanting_table":8,"minecraft:feather":10,"minecraft:cooked_beef":2,"minecraft:andesite":17,"minecraft:potato":12,"minecraft:flint":4,"minecraft:tuff":42,"minecraft:magenta_terracotta":1,"amethyst_imbuement:book_of_lore":3,"mythicmetals:raw_platinum":9,"minecraft:lapis_lazuli":251,"minecraft:dirt":148,"minecraft:stripped_birch_log":22,"biomemakeover:crude_cladding":2,"minecraft:leather_boots":1,"minecraft:bone":37,"croptopia:sweetpotato":2,"minecraft:bow":2,"minecraft:wheat_seeds":41,"minecraft:orange_tulip":1,"extensivediamonds:red_diamond":24,"minecraft:raw_gold":63,"minecraft:cobbled_deepslate_slab":2,"crystals_overhauled:citrine":25,"jewelry:sapphire":1,"minecraft:dark_oak_sign":2,"regions_unexplored:yellow_bioshroom_stem":6,"minecraft:glowstone_dust":25,"spellbladenext:frost_claymore":1,"mythicmetals:raw_silver":28,"minecraft:oak_planks":28,"regions_unexplored:mycotoxic_mushrooms":6,"clutter:sulphur":6,"minecraft:sand":67,"mythicmetals:raw_quadrillum":22,"croptopia:oat":1,"minecraft:nether_brick_stairs":3,"minecraft:ink_sac":3,"minecraft:mossy_cobblestone":2,"minecraft:polished_andesite":2,"minecraft:diamond":22,"minecraft:granite":37,"minecraft:golden_apple":1,"soulsweapons:verglas":4,"minecraft:emerald":3,"minecraft:bread":7,"amethyst_imbuement:citrine":4,"minecraft:oak_sapling":2,"minecraft:netherrack":86,"clutter:onyx":8,"minecraft:mud":1,"minecraft:crafting_table":3,"things:gleaming_powder":1,"minecraft:chicken":2,"croptopia:peach":5,"jewelry:citrine":1,"paladins:holy_staff":1,"minecraft:chain":2,"regions_unexplored:red_maple_leaf_pile":2,"immersive_melodies:lute":1,"minecraft:moss_carpet":3,"minecraft:oak_trapdoor":3,"minecraft:red_bed":1,"minecraft:stone_stairs":1,"minecraft:item_frame":1,"crystals_overhauled:peridotite":5,"clutter:raw_silver":44,"mythicmetals:raw_adamantite":6,"simplyswords:runic_tablet":1,"crystals_overhauled:malachite":30,"minecraft:echo_shard":68,"minecraft:beef":19,"mythicmetals:raw_midas_gold":30,"minecraft:player_head":8,"minecraft:poppy":1,"minecraft:lectern":1,"mythicmetals:raw_mythril":5,"minecraft:sugar_cane":38,"minecraft:spruce_trapdoor":8,"minecraft:egg":4,"minecraft:raw_iron":142,"mythicmetals:raw_tin":27,"crystals_overhauled:saphire":18,"minecraft:carrot":20,"minecraft:redstone":82,"mythicmetals:raw_runite":2,"runes:healing_stone":107,"minecraft:arrow":80,"minecraft:nether_bricks":1,"minecraft:deepslate_bricks":21,"minecraft:hay_block":4,"minecraft:cracked_deepslate_bricks":1,"croptopia:pepper":2,"minecraft:mutton":5,"minecraft:skeleton_skull":11,"minecraft:white_wool":24,"minecraft:bone_block":2,"minecraft:stripped_oak_log":11,"minecraft:leather":10,"more_jewels:opal":1,"mythicmetals:raw_banglum":15,"croptopia:glowing_calamari":1,"minecraft:birch_planks":3,"minecraft:oak_log":30,"minecraft:cobbled_deepslate_stairs":2,"minecraft:gunpowder":6,"extensivediamonds:green_diamond":34,"jewelry:tanzanite":2,"cleannarsenal:something_heavy":4,"minecraft:apple":17,"minecraft:stone_bricks":3,"minecraft:iron_ingot":132,"mythicupgrades:topaz_crystal_block":2,"darkblades:dark_dust":76,"minecraft:glass_bottle":2,"minecraft:soul_sand":5,"jewelry:topaz":1,"minecraft:smooth_basalt":22,"minecraft:dark_oak_slab":1,"minecraft:pumpkin":1,"extensivediamonds:dark_diamond":23,"minecraft:dandelion":30,"minecraft:quartz":22,"minecraft:cracked_nether_bricks":2,"minecraft:gravel":45,"magistuarmory:rustedchainmail_leggings":1,"minecraft:crying_obsidian":4,"amethyst_imbuement:imbuing_table":2,"minecraft:spider_eye":80,"biomemakeover:cladding_upgrade_smithing_template":1,"minecraft:firework_rocket":25,"witcher_rpg:raw_silver":8,"mythicmetals:raw_stormyx":7,"more_jewels:aquamarine":1,"immersive_armors:wooden_chestplate":1,"regions_unexplored:silver_birch_log":1,"croptopia:orange":11,"minecraft:redstone_ore":2,"minecraft:painting":1,"regions_unexplored:maple_log":135,"minecraft:gray_wool":3,"minecraft:damaged_anvil":4,"regions_unexplored:stripped_maple_log":1,"minecraft:stripped_dark_oak_log":2,"crystals_overhauled:celestite":11,"minecraft:coal":157,"minecraft:ender_pearl":6},"minecraft:mined":{"minecraft:cobbled_deepslate_stairs":2,"minecraft:spruce_planks":7,"regions_unexplored:maple_log":99,"mythicmetals:midas_gold_ore":8,"geode_plus:budding_deepslate_redstone":1,"regions_unexplored:maple_planks":6,"mythicupgrades:topaz_crystal_block":2,"minecraft:sculk_vein":8,"crystals_overhauled:peridotite_ore":2,"minecraft:spruce_trapdoor":6,"minecraft:obsidian":26,"mythicmetals:deepslate_morkite_ore":53,"extensivediamonds:deepslate_dark_diamond_ore":20,"minecraft:granite":46,"minecraft:grass_block":54,"mythicmetals:deepslate_adamantite_ore":5,"regions_unexplored:yellow_bioshroom_stem":4,"clutter:deepslate_silver_ore":15,"clutter:onyx_block":2,"minecraft:deepslate_bricks":21,"crystals_overhauled:celestite_ore":7,"geode_plus:echo_crystal":6,"minecraft:spawner":2,"extensivediamonds:deepslate_green_diamond_ore":34,"minecraft:sculk_catalyst":5,"minecraft:glowstone":9,"minecraft:dark_oak_trapdoor":2,"minecraft:iron_ore":102,"minecraft:fire":1,"minecraft:cobbled_deepslate":21,"crystals_overhauled:malachite_ore":12,"minecraft:moss_carpet":3,"mythicmetals:stormyx_ore":7,"minecraft:deepslate_lapis_ore":13,"minecraft:nether_brick_stairs":3,"minecraft:enchanting_table":8,"minecraft:sculk_shrieker":1,"croptopia:apple_crop":1,"minecraft:deepslate_brick_stairs":6,"geode_plus:budding_deepslate_lapis":3,"mythicupgrades:topaz_crystal_cluster":2,"regions_unexplored:silt_grass_block":1,"geode_plus:lapis_cluster":6,"minecraft:deepslate_redstone_ore":16,"minecraft:red_bed":4,"soulsweapons:verglas_ore_deepslate":4,"minecraft:polished_deepslate_stairs":2,"regions_unexplored:stripped_maple_log":1,"soulsweapons:moonstone_ore":1,"minecraft:powder_snow":3,"expores:deepslate_experience_ore":12,"things:deepslate_gleaming_ore":1,"crystals_overhauled:saphire_ore":7,"minecraft:calcite":29,"expores:experience_ore":2,"minecraft:nether_quartz_ore":20,"minecraft:cobblestone":74,"minecraft:damaged_anvil":4,"minecraft:oak_planks":5,"minecraft:wall_torch":1,"extensivediamonds:deepslate_red_diamond_ore":23,"minecraft:amethyst_block":23,"minecraft:skeleton_skull":1,"geode_plus:diamond_crystal":3,"minecraft:wheat":2,"mythicmetals:manganese_ore":3,"amethyst_imbuement:imbuing_table":2,"minecraft:grass":72,"minecraft:oak_log":19,"minecraft:sand":36,"minecraft:dirt":72,"mythicmetals:morkite_ore":22,"darkblades:dark_ore":33,"minecraft:smooth_basalt":18,"minecraft:diamond_ore":1,"graveyard:wither_torso_pile":1,"minecraft:netherrack":79,"minecraft:deepslate":383,"minecraft:oak_leaves":3,"croptopia:cabbage_crop":1,"minecraft:suspicious_gravel":2,"minecraft:crying_obsidian":4,"croptopia:cucumber_crop":1,"minecraft:tuff":42,"minecraft:mossy_cobblestone":2,"minecraft:deepslate_diamond_ore":6,"wardentools:budding_sculkhyst":3,"minecraft:stripped_birch_log":22,"perfectbirbs:quetzal_plushie":1,"minecraft:glow_lichen":1,"minecraft:nether_bricks":1,"minecraft:cobbled_deepslate_slab":2,"mythicmetals:silver_ore":20,"regions_unexplored:maple_leaves":3,"wardentools:sculkhyst_block":30,"minecraft:cracked_nether_bricks":2,"minecraft:hay_block":4,"minecraft:redstone_ore":1,"minecraft:oak_trapdoor":3,"mythicmetals:quadrillum_ore":13,"minecraft:furnace":4,"minecraft:andesite":18,"regions_unexplored:orange_maple_leaves":1,"mythicmetals:tin_ore":19,"mythicmetals:deepslate_mythril_ore":5,"minecraft:nether_brick_fence":2,"soulsweapons:moonstone_ore_deepslate":5,"minecraft:polished_deepslate":5,"crystals_overhauled:citrine_ore":12,"minecraft:deepslate_iron_ore":35,"geode_plus:medium_lapis_bud":2,"mythicmetals:nether_banglum_ore":2,"minecraft:stripped_oak_log":12,"regions_unexplored:medium_grass":1,"minecraft:stone":925,"minecraft:bone_block":3,"expores:nether_experience_ore":5,"minecraft:smithing_table":1,"mythicmetals:platinum_ore":8,"minecraft:soul_sand":5,"clutter:onyx_ore":2,"minecraft:stripped_dark_oak_log":2,"geode_plus:large_lapis_bud":3,"crystals_overhauled:heliodor_ore":12,"clutter:onyx_cluster":1,"minecraft:crafting_table":3,"crystals_overhauled:rhodochrosite_ore":2,"clutter:pearl_clam_block":1,"minecraft:sculk_sensor":16,"minecraft:lectern":1,"minecraft:copper_ore":34,"minecraft:tall_grass":6,"mythicmetals:deepslate_runite_ore":1,"minecraft:lapis_ore":14,"minecraft:deepslate_gold_ore":56,"minecraft:cracked_deepslate_bricks":1,"minecraft:sculk":73,"minecraft:diorite":38,"minecraft:spruce_stairs":4,"minecraft:birch_planks":3,"witcher_rpg:deepslate_silver_ore":8,"geode_plus:small_lapis_bud":1,"jewelry:deepslate_gem_vein":4,"wardentools:sculkhyst_cluster":23,"minecraft:magenta_terracotta":1,"regions_unexplored:red_maple_leaf_pile":1,"minecraft:coal_ore":151,"minecraft:gravel":50,"minecraft:cobweb":30,"geode_plus:large_diamond_bud":3,"minecraft:stone_bricks":1,"mythicmetals:banglum_ore":8,"minecraft:iron_trapdoor":4},"minecraft:killed_by":{"minecraft:zombie_villager":10,"minecraft:wither_skeleton":1,"minecraft:creeper":3,"minecraft:zombie":4,"minecraft:husk":2,"minecraft:spider":1,"minecraft:enderman":2,"minecraft:skeleton":1},"minecraft:broken":{"minecraft:golden_helmet":3,"minecraft:iron_boots":1,"minecraft:iron_chestplate":2,"magistuarmory:gothic_boots":1,"minecraft:iron_leggings":1,"minecraft:stone_pickaxe":2,"simplyswords:iron_twinblade":1,"minecraft:leather_boots":1,"minecraft:iron_pickaxe":8,"minecraft:golden_pickaxe":1,"paladins:paladin_armor_head":1},"minecraft:crafted":{"immersive_aircraft:engine":8,"minecraft:smooth_stone":18,"minecraft:oak_planks":136,"minecraft:rotten_flesh":3,"magistuarmory:gothic_leggings":2,"regions_unexplored:maple_planks":184,"minecraft:stone":37,"minecraft:lever":4,"minecraft:bookshelf":6,"paladins:iron_great_hammer":2,"fwaystones:abyss_watcher":4,"minecraft:cooked_mutton":5,"minecraft:glass":27,"runes:healing_stone":122,"minecraft:bow":1,"minecraft:iron_boots":2,"runes:frost_stone":16,"immersive_aircraft:steel_boiler":2,"immersive_aircraft:hull":17,"rogues:warrior_armor_head":2,"minecraft:chest":20,"minecraft:copper_block":14,"magistuarmory:steel_nugget":27,"travelersbackpack:iron_tier_upgrade":2,"immersive_aircraft:warship":2,"minecraft:cooked_porkchop":4,"minecraft:soul_campfire":2,"immersive_aircraft:rotary_cannon":1,"minecraft:crafting_table":6,"travelersbackpack:standard":4,"minecraft:wooden_pickaxe":2,"immersive_melodies:lute":2,"minecraft:copper_ingot":125,"minecraft:birch_planks":76,"immersive_aircraft:propeller":1,"paladins:iron_mace":2,"magistuarmory:halfarmor_chestplate":1,"minecraft:dispenser":1,"minecraft:book":10,"minecraft:paper":72,"minecraft:diamond_pickaxe":2,"minecraft:stick":56,"minecraft:iron_ingot":155,"minecraft:iron_pickaxe":16,"minecraft:iron_block":30,"minecraft:gold_ingot":39,"paladins:holy_staff":2,"minecraft:shears":2,"clutter:viking_helmet":2,"minecraft:saddle":2,"paladins:paladin_armor_feet":2,"simplyswords:iron_twinblade":2,"minecraft:spyglass":1,"immersive_aircraft:sail":26,"minecraft:furnace":24,"minecraft:blast_furnace":8,"minecraft:piston":11,"minecraft:bone_meal":33,"travelersbackpack:blank_upgrade":8,"minecraft:white_carpet":162,"travelersbackpack:gold_tier_upgrade":2,"travelersbackpack:white_sleeping_bag":1,"minecraft:leather":56,"paladins:paladin_armor_legs":2,"fwaystones:waystone":4,"magistuarmory:steel_ingot":42,"minecraft:iron_hoe":2,"minecraft:stone_pickaxe":6,"paladins:paladin_armor_head":2,"minecraft:dark_oak_planks":8,"amethyst_imbuement:garnet":1,"travelersbackpack:diamond_tier_upgrade":1,"amethyst_imbuement:citrine":4,"minecraft:golden_helmet":4,"magistuarmory:steel_plate":40,"minecraft:cooked_beef":12,"immersive_aircraft:airship":2,"paraglider:paraglider":4,"immersive_aircraft:enhanced_propeller":1,"paladins:iron_kite_shield":2,"immersive_aircraft:cargo_airship":2,"immersive_aircraft:boiler":8,"minecraft:enchanting_table":3,"magistuarmory:gothic_chestplate":2,"amethyst_imbuement:imbuing_table":2,"travelersbackpack:backpack_tank":8,"immersive_aircraft:industrial_gears":5,"mythicmetals:morkite_block":42,"minecraft:stone_axe":2,"minecraft:air":0,"magistuarmory:gothic_boots":2,"minecraft:white_wool":52,"minecraft:gold_nugget":36,"minecraft:white_dye":33,"minecraft:flint":8,"minecraft:writable_book":2,"minecraft:chipped_anvil":8,"minecraft:anvil":8,"minecraft:torch":44,"minecraft:lapis_block":42,"immersive_aircraft:sturdy_pipes":1,"immersive_aircraft:telescope":2,"minecraft:cooked_chicken":2},"minecraft:used":{"fwaystones:waystone":1,"spellbladenext:frost_claymore":10,"minecraft:moss_carpet":3,"croptopia:calamari":1,"minecraft:creeper_head":3,"minecraft:chest":4,"minecraft:stone":7,"minecraft:player_head":6,"minecraft:iron_chestplate":2,"croptopia:broccoli":1,"minecraft:carrot":11,"berserker_rpg:wildling_head":2,"paladins:holy_staff":2,"minecraft:obsidian":10,"minecraft:honey_bottle":2,"minecraft:dark_oak_slab":1,"paladins:paladin_armor_head":3,"minecraft:stone_brick_stairs":1,"minecraft:stone_bricks":3,"minecraft:rabbit_stew":3,"immersive_armors:wooden_chestplate":2,"darkbread:prismarine_bread":6,"croptopia:peach":5,"minecraft:oak_sapling":2,"minecraft:hay_block":4,"minecraft:furnace":5,"croptopia:lettuce":1,"minecraft:skeleton_skull":3,"minecraft:egg":2,"minecraft:potato":4,"magistuarmory:rustedchainmail_leggings":1,"regions_unexplored:silver_birch_log":1,"minecraft:diorite":3,"minecraft:oak_planks":45,"minecraft:stripped_birch_log":11,"minecraft:stone_pickaxe":208,"minecraft:orange_tulip":1,"batsgalore:wither_skull_candy":1,"minecraft:wooden_pickaxe":40,"darkbread:pog_bread":1,"minecraft:dark_oak_trapdoor":2,"rogues:warrior_armor_head":1,"minecraft:sand":3,"minecraft:blast_furnace":1,"minecraft:mushroom_stew":4,"minecraft:crossbow":76,"darkbread:obsidian_bread":5,"paladins:iron_kite_shield":6,"croptopia:orange":11,"perfectbirbs:quetzal_plushie":1,"paladins:paladin_armor_feet":1,"darkbread:green_bread":4,"minecraft:zombie_head":4,"minecraft:bread":14,"minecraft:lectern":1,"minecraft:diamond_ore":1,"minecraft:gravel":4,"minecraft:golden_helmet":4,"minecraft:diamond_sword":31,"darkbread:iron_bread":2,"minecraft:andesite":4,"mythicupgrades:sapphire_potion":2,"minecraft:golden_pickaxe":23,"minecraft:oak_trapdoor":3,"minecraft:stone_sword":61,"minecraft:enchanting_table":9,"minecraft:redstone_ore":2,"minecraft:spruce_planks":8,"immersive_aircraft:warship":1,"minecraft:netherrack":86,"regions_unexplored:maple_planks":107,"minecraft:torch":10,"minecraft:anvil":1,"minecraft:dirt":131,"darkbread:redstone_bread":3,"paladins:paladin_armor_legs":2,"minecraft:spruce_stairs":6,"minecraft:stone_stairs":1,"archers:heavy_crossbow":5,"minecraft:granite":16,"minecraft:iron_hoe":132,"minecraft:bookshelf":3,"minecraft:iron_axe":155,"amethyst_imbuement:imbuing_table":3,"darkbread:diamond_bread":4,"minecraft:smooth_basalt":1,"minecraft:magenta_terracotta":1,"minecraft:cooked_beef":12,"minecraft:pumpkin":1,"minecraft:cobbled_deepslate":207,"minecraft:cooked_mutton":5,"minecraft:wheat_seeds":2,"minecraft:water_bucket":16,"minecraft:birch_planks":10,"minecraft:bundle":1,"minecraft:polished_andesite":2,"mythicupgrades:topaz_crystal_block":1,"minecraft:leather_boots":1,"minecraft:mossy_cobblestone":2,"graveyard:skull_with_rib_cage":1,"croptopia:sweetpotato":1,"minecraft:crafting_table":8,"minecraft:red_bed":1,"simplyswords:iron_twinblade":183,"paladins:iron_mace":62,"minecraft:painting":1,"minecraft:diamond_pickaxe":826,"minecraft:mud":1,"minecraft:apple":27,"minecraft:iron_pickaxe":1619,"minecraft:stone_slab":1,"paladins:iron_great_hammer":111,"minecraft:stone_axe":38,"darkbread:gold_bread":1,"travelersbackpack:standard":4,"minecraft:cobblestone":687,"minecraft:potion":2,"minecraft:cooked_porkchop":4,"minecraft:bucket":18,"minecraft:pumpkin_pie":8,"minecraft:dandelion":2,"minecraft:stripped_oak_log":6,"regions_unexplored:maple_log":8,"rogues:warrior_armor_chest":1}},"DataVersion":3465}