{"stats":{"minecraft:dropped":{"minecraft:wheat_seeds":3,"minecraft:lapis_lazuli":64,"minecraft:cobblestone":398,"minecraft:zombie_head":2,"crystals_overhauled:citrine":3,"minecraft:smooth_basalt":4,"minecraft:player_head":3,"minecraft:cobbled_deepslate":1,"croptopia:corn_seed":2,"minecraft:potato":1,"minecraft:andesite":30,"minecraft:wooden_pickaxe":1,"minecraft:stone_pickaxe":3},"minecraft:crafted":{"minecraft:oak_door":2,"minecraft:oak_planks":74,"regions_unexplored:maple_planks":8,"minecraft:furnace":1,"minecraft:glass":8,"minecraft:iron_boots":1,"minecraft:iron_axe":1,"minecraft:stone_pickaxe":13,"minecraft:chest":4,"minecraft:crafting_table":3,"minecraft:wooden_pickaxe":1,"minecraft:iron_helmet":1,"minecraft:iron_sword":1,"minecraft:copper_ingot":11,"berserker_rpg:stone_berserker_axe":1,"minecraft:iron_chestplate":1,"mythicmetals:banglum_ingot":5,"minecraft:stick":60,"minecraft:iron_ingot":54,"minecraft:iron_pickaxe":3,"minecraft:stone_sword":1,"minecraft:iron_shovel":1,"minecraft:iron_leggings":1,"croptopia:knife":1,"mythicmetals:manganese_ingot":8,"minecraft:torch":68},"minecraft:used":{"regions_unexplored:silt_dirt":5,"darkbread:gold_bread":3,"minecraft:stone_sword":4,"minecraft:chest":7,"minecraft:netherrack":13,"minecraft:oak_door":1,"minecraft:torch":15,"minecraft:dirt":14,"minecraft:smooth_basalt":2,"minecraft:furnace":1,"minecraft:cooked_beef":2,"minecraft:stone_pickaxe":1565,"minecraft:wooden_pickaxe":7,"minecraft:sand":1,"berserker_rpg:stone_berserker_axe":23,"minecraft:crafting_table":6,"darkbread:obsidian_bread":1,"minecraft:iron_pickaxe":171,"minecraft:cobblestone":67,"minecraft:andesite":5,"regions_unexplored:maple_log":2},"minecraft:mined":{"minecraft:nether_gold_ore":6,"mythicmetals:midas_gold_ore":4,"regions_unexplored:maple_log":6,"croptopia:mustard_crop":1,"minecraft:granite":5,"minecraft:grass_block":13,"regions_unexplored:yellow_bioshroom_stem":8,"clutter:deepslate_silver_ore":3,"crystals_overhauled:celestite_ore":2,"minecraft:oxeye_daisy":2,"regions_unexplored:yellow_bioshroom":1,"minecraft:iron_ore":27,"croptopia:corn_crop":2,"crystals_overhauled:malachite_ore":3,"minecraft:andesite":55,"minecraft:azure_bluet":1,"crystals_overhauled:citrine_ore":2,"mythicmetals:nether_banglum_ore":6,"minecraft:stone":1001,"regions_unexplored:silt_grass_block":2,"mythicmetals:platinum_ore":3,"regions_unexplored:mycotoxic_moss":25,"minecraft:dandelion":7,"minecraft:crafting_table":4,"minecraft:cornflower":1,"croptopia:oat_crop":1,"regions_unexplored:mycotoxic_daisy":5,"regions_unexplored:glowing_yellow_bioshroom_block":1,"minecraft:calcite":12,"regions_unexplored:silt_dirt":10,"minecraft:chest":3,"expores:experience_ore":2,"minecraft:cobblestone":9,"minecraft:tall_grass":2,"minecraft:nether_quartz_ore":38,"minecraft:copper_ore":15,"croptopia:broccoli_crop":1,"minecraft:lapis_ore":6,"minecraft:diorite":55,"minecraft:wheat":51,"mythicmetals:manganese_ore":12,"croptopia:chile_pepper_crop":1,"minecraft:grass":21,"minecraft:oak_log":19,"minecraft:coal_ore":27,"regions_unexplored:mycotoxic_mushrooms":14,"minecraft:gravel":14,"minecraft:dirt":43,"minecraft:smooth_basalt":8,"minecraft:netherrack":287,"minecraft:oak_leaves":5,"regions_unexplored:mycotoxic_grass":12,"minecraft:deepslate":1},"minecraft:picked_up":{"minecraft:crafting_table":3,"minecraft:wheat":168,"regions_unexplored:mycotoxic_grass":18,"croptopia:broccoli":2,"regions_unexplored:silt_dirt":19,"regions_unexplored:mycotoxic_daisy":10,"minecraft:cornflower":2,"minecraft:raw_copper":46,"minecraft:zombie_head":2,"minecraft:beetroot":2,"clutter:raw_silver":16,"minecraft:cobbled_deepslate":3,"minecraft:gold_nugget":50,"crystals_overhauled:malachite":16,"minecraft:calcite":12,"minecraft:player_head":3,"minecraft:iron_pickaxe":1,"minecraft:chest":3,"minecraft:iron_boots":2,"darkbread:gold_bread":3,"minecraft:stick":24,"minecraft:raw_iron":34,"croptopia:corn_seed":6,"minecraft:oak_door":2,"minecraft:torch":72,"darkbread:obsidian_bread":4,"minecraft:diorite":75,"minecraft:carrot":20,"darkbread:green_bread":10,"mythicmetals:raw_manganese":16,"minecraft:cobblestone":1218,"minecraft:oxeye_daisy":4,"minecraft:cooked_beef":2,"minecraft:andesite":90,"mythicmetals:raw_banglum":10,"minecraft:red_mushroom":8,"minecraft:potato":6,"minecraft:oak_log":19,"minecraft:dirt":53,"minecraft:lapis_lazuli":122,"mythicmetals:raw_platinum":16,"amethyst_imbuement:glistering_tome":1,"croptopia:corn":4,"minecraft:wheat_seeds":379,"crystals_overhauled:citrine":9,"minecraft:iron_ingot":23,"minecraft:stone_pickaxe":4,"regions_unexplored:yellow_bioshroom_stem":10,"minecraft:oak_planks":9,"regions_unexplored:yellow_bioshroom":2,"croptopia:chile_pepper_seed":4,"minecraft:smooth_basalt":6,"regions_unexplored:mycotoxic_mushrooms":60,"patchouli:guide_book":2,"croptopia:mustard":2,"minecraft:quartz":76,"minecraft:dandelion":14,"minecraft:gravel":26,"minecraft:sand":53,"croptopia:oat":3,"croptopia:chile_pepper":2,"minecraft:bundle":1,"darkbread:diamond_bread":4,"minecraft:diamond":4,"minecraft:granite":22,"regions_unexplored:maple_log":4,"minecraft:emerald":4,"minecraft:netherrack":225,"minecraft:coal":32,"crystals_overhauled:celestite":8},"minecraft:killed_by":{"minecraft:skeleton":1,"minecraft:zombie":2},"minecraft:broken":{"minecraft:stone_pickaxe":13},"minecraft:custom":{"minecraft:interact_with_crafting_table":41,"minecraft:damage_dealt_resisted":65,"minecraft:leave_game":4,"minecraft:time_since_death":27512,"minecraft:sprint_one_cm":524,"minecraft:walk_one_cm":253463,"minecraft:drop":167,"minecraft:damage_dealt_absorbed":96,"minecraft:play_time":207509,"minecraft:deaths":4,"minecraft:walk_under_water_one_cm":384,"minecraft:jump":402,"minecraft:walk_on_water_one_cm":4203,"minecraft:total_world_time":207509,"minecraft:interact_with_furnace":22,"minecraft:sleep_in_bed":3,"minecraft:hex":0,"minecraft:time_since_rest":579,"minecraft:damage_taken":1290,"minecraft:damage_dealt":60,"minecraft:fly_one_cm":9833,"minecraft:open_chest":56,"minecraft:fall_one_cm":12516}},"DataVersion":3465}