{"stats":{"minecraft:broken":{"minecraft:stone_pickaxe":13,"minecraft:iron_pickaxe":1},"minecraft:crafted":{"minecraft:oak_door":2,"minecraft:oak_planks":74,"regions_unexplored:maple_planks":16,"minecraft:furnace":1,"minecraft:glass":8,"minecraft:iron_boots":1,"minecraft:iron_axe":2,"minecraft:stone_pickaxe":13,"minecraft:chest":4,"mythicmetals:tin_ingot":1,"minecraft:cooked_porkchop":6,"minecraft:crafting_table":3,"minecraft:baked_potato":2,"minecraft:wooden_pickaxe":1,"minecraft:iron_helmet":1,"minecraft:iron_sword":2,"minecraft:copper_ingot":11,"regions_unexplored:maple_boat":1,"berserker_rpg:stone_berserker_axe":1,"minecraft:iron_chestplate":1,"basicweapons:iron_dagger":1,"mythicmetals:banglum_ingot":5,"minecraft:stick":60,"minecraft:iron_pickaxe":4,"minecraft:iron_ingot":54,"minecraft:stone_sword":1,"minecraft:iron_shovel":1,"minecraft:iron_leggings":1,"croptopia:knife":1,"mythicmetals:manganese_ingot":8,"minecraft:torch":68},"minecraft:picked_up":{"minecraft:charcoal":2,"minecraft:crafting_table":3,"minecraft:wheat":168,"regions_unexplored:mycotoxic_grass":18,"croptopia:broccoli":2,"regions_unexplored:silt_dirt":40,"regions_unexplored:mycotoxic_daisy":11,"minecraft:cornflower":2,"minecraft:raw_copper":67,"minecraft:zombie_head":2,"minecraft:beetroot":2,"clutter:raw_silver":16,"minecraft:deepslate_tiles":1,"minecraft:cobbled_deepslate":5,"minecraft:gold_nugget":50,"crystals_overhauled:malachite":16,"minecraft:player_head":3,"minecraft:calcite":12,"croptopia:blueberry":1,"minecraft:iron_pickaxe":1,"minecraft:chest":9,"minecraft:iron_boots":2,"darkbread:gold_bread":3,"minecraft:stick":25,"minecraft:raw_iron":34,"croptopia:corn_seed":6,"minecraft:oak_door":2,"croptopia:rutabaga":2,"minecraft:torch":73,"darkbread:obsidian_bread":4,"minecraft:porkchop":2,"mythicmetals:raw_tin":9,"minecraft:diorite":75,"minecraft:carrot":20,"darkbread:green_bread":10,"mythicmetals:raw_manganese":16,"croptopia:squash_seed":2,"minecraft:saddle":1,"minecraft:cobblestone":1285,"minecraft:oxeye_daisy":4,"minecraft:cracked_deepslate_tiles":3,"minecraft:cooked_beef":2,"minecraft:andesite":106,"mythicmetals:raw_banglum":10,"minecraft:red_mushroom":8,"minecraft:potato":7,"minecraft:oak_log":19,"croptopia:blueberry_seed":1,"minecraft:dirt":119,"minecraft:lapis_lazuli":123,"mythicmetals:raw_platinum":16,"amethyst_imbuement:glistering_tome":1,"croptopia:corn":4,"croptopia:squash":1,"minecraft:wheat_seeds":383,"minecraft:stone_pickaxe":5,"crystals_overhauled:citrine":9,"minecraft:iron_ingot":24,"regions_unexplored:yellow_bioshroom_stem":10,"regions_unexplored:yellow_bioshroom":2,"minecraft:oak_planks":9,"croptopia:chile_pepper_seed":4,"minecraft:smooth_basalt":6,"regions_unexplored:mycotoxic_mushrooms":60,"patchouli:guide_book":2,"croptopia:mustard":2,"minecraft:quartz":76,"minecraft:dandelion":14,"minecraft:gravel":26,"minecraft:sand":53,"croptopia:rutabaga_seed":4,"minecraft:spruce_sapling":2,"croptopia:oat":3,"minecraft:spruce_log":32,"croptopia:chile_pepper":2,"minecraft:bundle":2,"darkbread:diamond_bread":4,"minecraft:diamond":4,"minecraft:granite":29,"regions_unexplored:maple_log":14,"minecraft:emerald":4,"minecraft:bread":6,"minecraft:netherrack":225,"minecraft:coal":33,"crystals_overhauled:celestite":8},"minecraft:used":{"regions_unexplored:silt_dirt":5,"darkbread:gold_bread":3,"minecraft:stone_sword":4,"regions_unexplored:mycotoxic_daisy":1,"minecraft:chest":12,"minecraft:netherrack":13,"minecraft:oak_door":1,"minecraft:torch":15,"minecraft:dirt":19,"minecraft:carrot":4,"minecraft:cracked_deepslate_tiles":3,"minecraft:iron_axe":65,"minecraft:smooth_basalt":2,"minecraft:furnace":1,"minecraft:cooked_beef":2,"minecraft:cobbled_deepslate":1,"minecraft:bundle":1,"minecraft:baked_potato":2,"minecraft:stone_pickaxe":1588,"minecraft:wooden_pickaxe":7,"minecraft:sand":1,"berserker_rpg:stone_berserker_axe":23,"minecraft:crafting_table":6,"darkbread:obsidian_bread":1,"minecraft:deepslate_tiles":1,"minecraft:bread":1,"minecraft:iron_pickaxe":250,"minecraft:cobblestone":71,"minecraft:cooked_porkchop":2,"minecraft:andesite":5,"regions_unexplored:maple_log":2,"regions_unexplored:maple_boat":1},"minecraft:killed":{"minecraft:pig":1},"minecraft:killed_by":{"minecraft:skeleton":1,"minecraft:zombie":3},"minecraft:custom":{"lootr:looted_stat":2,"minecraft:mob_kills":1,"minecraft:interact_with_crafting_table":50,"minecraft:damage_dealt_resisted":65,"minecraft:leave_game":5,"minecraft:time_since_death":50237,"minecraft:climb_one_cm":986,"minecraft:sprint_one_cm":1021,"minecraft:walk_one_cm":479082,"minecraft:drop":234,"minecraft:damage_dealt_absorbed":96,"minecraft:play_time":309555,"minecraft:deaths":7,"minecraft:walk_under_water_one_cm":35216,"minecraft:boat_one_cm":233785,"minecraft:jump":671,"minecraft:walk_on_water_one_cm":19302,"minecraft:total_world_time":309555,"minecraft:interact_with_furnace":35,"minecraft:sleep_in_bed":6,"minecraft:hex":0,"minecraft:time_since_rest":31496,"minecraft:damage_taken":2748,"minecraft:damage_dealt":255,"minecraft:fly_one_cm":16063,"minecraft:open_chest":96,"minecraft:fall_one_cm":22263},"minecraft:mined":{"minecraft:deepslate_tiles":2,"minecraft:nether_gold_ore":6,"mythicmetals:midas_gold_ore":4,"regions_unexplored:maple_log":16,"croptopia:mustard_crop":1,"minecraft:granite":12,"minecraft:grass_block":18,"regions_unexplored:yellow_bioshroom_stem":8,"clutter:deepslate_silver_ore":3,"minecraft:spruce_leaves":16,"crystals_overhauled:celestite_ore":2,"minecraft:oxeye_daisy":2,"regions_unexplored:yellow_bioshroom":1,"minecraft:iron_ore":27,"minecraft:cobbled_deepslate":1,"croptopia:corn_crop":2,"crystals_overhauled:malachite_ore":3,"croptopia:blueberry_crop":1,"minecraft:andesite":71,"mythicmetals:tin_ore":6,"minecraft:azure_bluet":1,"crystals_overhauled:citrine_ore":2,"croptopia:squash_crop":1,"mythicmetals:nether_banglum_ore":6,"minecraft:stone":1009,"regions_unexplored:silt_grass_block":2,"minecraft:podzol":1,"mythicmetals:platinum_ore":3,"regions_unexplored:mycotoxic_moss":25,"crystals_overhauled:heliodor_ore":2,"minecraft:dandelion":7,"minecraft:crafting_table":4,"minecraft:cornflower":1,"minecraft:torch":1,"croptopia:oat_crop":1,"regions_unexplored:mycotoxic_daisy":6,"regions_unexplored:glowing_yellow_bioshroom_block":1,"minecraft:calcite":12,"regions_unexplored:silt_dirt":10,"minecraft:chest":8,"minecraft:campfire":1,"expores:experience_ore":2,"croptopia:broccoli_crop":1,"minecraft:nether_quartz_ore":38,"minecraft:tall_grass":2,"minecraft:copper_ore":22,"minecraft:cobblestone":10,"minecraft:lapis_ore":6,"minecraft:diorite":55,"minecraft:wall_torch":1,"minecraft:wheat":51,"mythicmetals:manganese_ore":12,"minecraft:spruce_log":35,"croptopia:chile_pepper_crop":1,"minecraft:cracked_deepslate_tiles":3,"minecraft:grass":25,"minecraft:oak_log":19,"minecraft:coal_ore":28,"regions_unexplored:mycotoxic_mushrooms":14,"minecraft:gravel":14,"minecraft:dirt":69,"croptopia:rutabaga_crop":2,"minecraft:smooth_basalt":8,"minecraft:netherrack":287,"minecraft:oak_leaves":5,"regions_unexplored:mycotoxic_grass":12,"minecraft:deepslate":2,"minecraft:fern":2},"minecraft:dropped":{"minecraft:bread":7,"minecraft:wheat_seeds":6,"minecraft:lapis_lazuli":64,"minecraft:cobblestone":440,"minecraft:apple":9,"croptopia:knife":1,"minecraft:torch":1,"minecraft:zombie_head":2,"crystals_overhauled:citrine":3,"minecraft:smooth_basalt":4,"minecraft:player_head":3,"minecraft:stone_sword":1,"minecraft:cobbled_deepslate":1,"croptopia:corn_seed":2,"minecraft:potato":1,"minecraft:andesite":30,"minecraft:leather_boots":1,"minecraft:chest":1,"minecraft:wooden_pickaxe":1,"minecraft:stone_pickaxe":4,"regions_unexplored:silt_dirt":14}},"DataVersion":3465}