{"stats":{"minecraft:broken":{"fpapmod:fell_priest_robe_t1_legs":1,"minecraft:stone_pickaxe":1,"fpapmod:fell_priest_robe_t1_feet":1,"minecraft:wooden_axe":1,"minecraft:stone_shovel":1,"fpapmod:fell_priest_robe_t1_head":1,"minecraft:wooden_pickaxe":1,"minecraft:shield":1,"minecraft:leather_boots":1,"minecraft:iron_pickaxe":3,"fpapmod:fell_priest_robe_t1_chest":1},"minecraft:crafted":{"minecraft:smooth_stone":6,"minecraft:black_dye":13,"minecraft:oak_planks":112,"mythicmetals:platinum_ingot":9,"fpapmod:fell_priest_robe_t1_feet":1,"regions_unexplored:maple_planks":42,"minecraft:stone":6,"minecraft:gray_wool":40,"minecraft:glass":52,"travelersbackpack:gray_sleeping_bag":1,"minecraft:chest":11,"minecraft:copper_block":48,"regions_unexplored:maple_door":3,"mythicmetals:tin_ingot":41,"travelersbackpack:iron_tier_upgrade":2,"regions_unexplored:yellow_bioshroom_planks":16,"minecraft:crafting_table":2,"minecraft:spruce_planks":76,"minecraft:wooden_pickaxe":1,"travelersbackpack:standard":4,"minecraft:copper_ingot":229,"mythicmetals:midas_gold_ingot":19,"travelersbackpack:skeleton":3,"fpapmod:fell_priest_robe_t1_chest":1,"minecraft:diamond_pickaxe":1,"minecraft:emerald_block":23,"minecraft:stick":20,"minecraft:iron_ingot":50,"minecraft:iron_pickaxe":4,"minecraft:iron_block":3,"minecraft:gold_ingot":47,"mythicmetals:manganese_ingot":58,"minecraft:shears":1,"minecraft:coal":72,"minecraft:stone_shovel":1,"clutter:silver_ingot":3,"minecraft:iron_nugget":9,"minecraft:furnace":4,"minecraft:blast_furnace":2,"minecraft:gray_dye":52,"minecraft:bone_meal":15,"travelersbackpack:blank_upgrade":4,"travelersbackpack:gold_tier_upgrade":2,"minecraft:flint_and_steel":1,"travelersbackpack:white_sleeping_bag":1,"mythicmetals:adamantite_ingot":1,"minecraft:stone_pickaxe":1,"minecraft:cobblestone_wall":72,"minecraft:golden_helmet":1,"minecraft:coal_block":69,"regions_unexplored:maple_fence_gate":1,"minecraft:spruce_sign":12,"fpapmod:fell_priest_robe_t1_head":1,"travelersbackpack:backpack_tank":6,"minecraft:iron_sword":1,"mythicmetals:silver_ingot":2,"minecraft:stone_axe":1,"minecraft:air":0,"fpapmod:fell_priest_robe_t1_legs":1,"minecraft:oak_boat":2,"minecraft:white_wool":1,"minecraft:white_dye":27,"mythicmetals:banglum_ingot":37,"minecraft:wooden_axe":1,"minecraft:torch":120,"mythicmetals:orichalcum_ingot":4,"minecraft:lapis_block":14},"minecraft:picked_up":{"minecraft:wheat":24,"minecraft:creeper_head":2,"minecraft:nether_brick_fence":1,"soulsweapons:moonstone":1,"perfectbirbs:chickadee_plushie":1,"minecraft:raw_copper":121,"minecraft:iron_leggings":1,"minecraft:zombie_head":11,"minecraft:beetroot":5,"minecraft:deepslate_tiles":12,"minecraft:gold_nugget":94,"minecraft:cobbled_deepslate":24,"bosses_of_mass_destruction:soul_star":1,"minecraft:bucket":1,"minecraft:spruce_planks":88,"minecraft:coal_block":12,"azure-paxels:stone_paxel":2,"minecraft:stick":24,"croptopia:barley_seed":1,"witcher_rpg:meteorite":2,"minecraft:torch":42,"minecraft:diorite":34,"mythicmetals:morkite":58,"mythicmetals:raw_manganese":18,"minecraft:rotten_flesh":58,"crystals_overhauled:heliodor":29,"regions_unexplored:red_maple_leaves":1,"farmersdelight:rope":6,"minecraft:cobblestone":468,"paraglider:paraglider":1,"minecraft:enchanting_table":1,"minecraft:andesite":31,"minecraft:potato":18,"minecraft:flint":1,"regions_unexplored:orange_maple_leaves":1,"mythicmetals:raw_platinum":7,"travelersbackpack:gold_tier_upgrade":1,"minecraft:lapis_lazuli":48,"minecraft:dirt":234,"minecraft:lantern":1,"regions_unexplored:golden_larch_leaves":47,"minecraft:bone":19,"minecraft:bow":2,"minecraft:wheat_seeds":42,"extensivediamonds:red_diamond":2,"crystals_overhauled:citrine":10,"regions_unexplored:yellow_bioshroom_stem":2,"minecraft:moss_block":1,"minecraft:oak_planks":36,"regions_unexplored:mycotoxic_mushrooms":17,"patchouli:guide_book":1,"minecraft:sand":71,"mythicmetals:raw_quadrillum":5,"minecraft:diamond":15,"minecraft:granite":16,"minecraft:golden_apple":2,"soulsweapons:verglas":1,"minecraft:emerald":4,"minecraft:bread":1,"immersive_armors:divine_helmet":1,"minecraft:netherrack":234,"minecraft:dark_oak_fence":1,"minecraft:diamond_pickaxe":2,"minecraft:crafting_table":1,"regions_unexplored:mycotoxic_grass":10,"minecraft:clay_ball":12,"paladins:holy_staff":2,"clutter:raw_silver":3,"crystals_overhauled:malachite":8,"more_jewels:peridot":1,"croptopia:pepper_seed":1,"mythicmetals:raw_midas_gold":20,"minecraft:player_head":31,"minecraft:chest":5,"mythicmetals:raw_orichalcum":4,"minecraft:raw_iron":20,"mythicmetals:raw_tin":35,"crystals_overhauled:saphire":2,"minecraft:carrot":18,"minecraft:redstone":19,"minecraft:arrow":10,"regions_unexplored:maple_sapling":2,"minecraft:deepslate_bricks":1,"minecraft:gold_ingot":1,"croptopia:pepper":1,"minecraft:white_wool":26,"minecraft:skeleton_skull":4,"minecraft:bone_block":5,"minecraft:cracked_deepslate_tiles":3,"regions_unexplored:peat_dirt":10,"minecraft:glow_ink_sac":2,"mythicmetals:raw_banglum":11,"minecraft:leather":22,"croptopia:glowing_calamari":3,"minecraft:red_mushroom":3,"minecraft:birch_planks":1,"minecraft:oak_log":16,"regions_unexplored:red_maple_sapling":1,"minecraft:yellow_bed":1,"minecraft:gunpowder":4,"extensivediamonds:green_diamond":6,"jewelry:tanzanite":1,"cleannarsenal:something_heavy":2,"amethyst_imbuement:glistering_tome":2,"regions_unexplored:maple_door":1,"minecraft:apple":2,"croptopia:barley":1,"minecraft:iron_ingot":10,"minecraft:stone_pickaxe":1,"darkblades:dark_dust":10,"minecraft:soul_sand":22,"regions_unexplored:yellow_bioshroom":1,"minecraft:iron_sword":3,"jewelry:topaz":1,"minecraft:quartz":83,"minecraft:gravel":14,"minecraft:amethyst_shard":3,"minecraft:blast_furnace":1,"minecraft:white_bed":10,"minecraft:spruce_log":2,"minecraft:spruce_door":20,"minecraft:firework_rocket":8,"more_jewels:aquamarine":2,"magistuarmory:rustedcrusader_boots":1,"croptopia:orange":5,"regions_unexplored:maple_log":10,"crystals_overhauled:celestite":16,"minecraft:coal":228},"minecraft:used":{"darkbread:gold_bread":2,"regions_unexplored:maple_door":2,"minecraft:chest":8,"minecraft:shield":17,"darkbread:ender_bread":1,"minecraft:iron_sword":155,"minecraft:creeper_head":1,"minecraft:player_head":14,"minecraft:carrot":6,"paladins:holy_staff":1,"regions_unexplored:golden_larch_leaves":7,"darkbread:prismarine_bread":2,"minecraft:furnace":2,"minecraft:skeleton_skull":1,"minecraft:stone_pickaxe":106,"minecraft:wooden_pickaxe":55,"darkbread:pog_bread":1,"minecraft:blast_furnace":3,"perfectbirbs:chickadee_plushie":1,"darkbread:obsidian_bread":2,"minecraft:shears":51,"croptopia:orange":5,"minecraft:deepslate_tiles":12,"darkbread:green_bread":4,"minecraft:zombie_head":4,"minecraft:bread":11,"minecraft:diamond_ore":1,"minecraft:gravel":1,"minecraft:dark_oak_fence":1,"minecraft:smithing_table":1,"minecraft:oak_boat":1,"wizards:wand_arcane":6,"travelersbackpack:skeleton":15,"darkbread:iron_bread":1,"minecraft:stone_shovel":135,"minecraft:spruce_planks":26,"minecraft:netherrack":53,"minecraft:torch":93,"minecraft:dirt":15,"minecraft:cobblestone_wall":21,"minecraft:granite":1,"minecraft:wooden_axe":43,"regions_unexplored:maple_fence_gate":1,"azure-paxels:stone_paxel":57,"minecraft:cobbled_deepslate":4,"minecraft:birch_planks":1,"minecraft:spruce_sign":8,"minecraft:crafting_table":2,"minecraft:white_bed":8,"minecraft:diamond_pickaxe":439,"minecraft:apple":1,"minecraft:iron_pickaxe":705,"minecraft:stone_axe":22,"minecraft:cobblestone":179,"travelersbackpack:standard":37,"minecraft:bucket":1,"minecraft:yellow_bed":1},"minecraft:killed":{"minecraft:skeleton":5,"minecraft:zombie_villager":1,"minecraft:creeper":2,"minecraft:zombie":8,"medievalorigins:summon_zombie":2,"graveyard:ghoul":1,"medievalorigins:summon_skeleton":3,"minecraft:player":4},"minecraft:killed_by":{"minecraft:zombie_villager":8,"minecraft:wither_skeleton":3,"minecraft:creeper":10,"medievalorigins:summon_zombie":2,"graveyard:skeleton_creeper":2,"minecraft:vindicator":1,"minecraft:zombie":21,"minecraft:husk":1,"minecraft:player":6,"minecraft:spider":4,"minecraft:warden":1,"minecraft:skeleton":11},"minecraft:mined":{"regions_unexplored:yellow_bioshroom_block":1,"croptopia:pepper_crop":1,"regions_unexplored:golden_larch_leaves":49,"minecraft:spruce_planks":3,"mythicmetals:midas_gold_ore":8,"minecraft:white_bed":11,"regions_unexplored:maple_log":10,"mythicmetals:deepslate_morkite_ore":3,"minecraft:granite":15,"minecraft:grass_block":81,"regions_unexplored:yellow_bioshroom_stem":2,"minecraft:coal_block":12,"minecraft:deepslate_bricks":1,"crystals_overhauled:celestite_ore":9,"mythicmetals:deepslate_orichalcum_ore":5,"extensivediamonds:deepslate_green_diamond_ore":6,"minecraft:iron_ore":11,"minecraft:cobbled_deepslate":2,"minecraft:fire":1,"crystals_overhauled:malachite_ore":4,"minecraft:deepslate_lapis_ore":1,"clutter:silver_ore":1,"minecraft:clay":3,"minecraft:torch":1,"expores:deepslate_experience_ore":1,"crystals_overhauled:saphire_ore":1,"minecraft:blast_furnace":1,"regions_unexplored:peat_grass_block":5,"minecraft:chest":4,"expores:experience_ore":3,"minecraft:spruce_wall_sign":1,"minecraft:nether_quartz_ore":81,"minecraft:cobblestone":36,"minecraft:wall_torch":8,"extensivediamonds:deepslate_red_diamond_ore":3,"minecraft:deepslate_copper_ore":5,"perfectbirbs:chickadee_plushie":1,"minecraft:wheat":2,"mythicmetals:manganese_ore":13,"minecraft:grass":33,"minecraft:cracked_deepslate_tiles":3,"minecraft:oak_log":16,"regions_unexplored:peat_dirt":5,"minecraft:sand":54,"minecraft:dirt":132,"mythicmetals:morkite_ore":17,"darkblades:dark_ore":5,"minecraft:netherrack":213,"minecraft:oak_leaves":8,"regions_unexplored:mycotoxic_grass":1,"minecraft:deepslate":19,"soulsweapons:verglas_ore":1,"minecraft:nether_gold_ore":25,"minecraft:deepslate_tiles":12,"minecraft:diamond_ore":1,"croptopia:orange_crop":5,"minecraft:deepslate_diamond_ore":1,"minecraft:glow_lichen":2,"regions_unexplored:maple_leaves":1,"minecraft:moss_block":1,"croptopia:barley_crop":1,"minecraft:redstone_ore":4,"mythicmetals:quadrillum_ore":2,"minecraft:andesite":29,"regions_unexplored:orange_maple_leaves":2,"mythicmetals:tin_ore":22,"minecraft:nether_brick_fence":1,"soulsweapons:moonstone_ore_deepslate":1,"crystals_overhauled:citrine_ore":5,"minecraft:deepslate_iron_ore":9,"regions_unexplored:red_maple_leaves":1,"minecraft:stone":326,"expores:nether_experience_ore":1,"mythicmetals:platinum_ore":4,"minecraft:soul_sand":23,"regions_unexplored:mycotoxic_moss":14,"crystals_overhauled:heliodor_ore":9,"minecraft:spruce_door":24,"minecraft:crafting_table":1,"regions_unexplored:maple_door":1,"minecraft:tall_grass":7,"minecraft:copper_ore":31,"minecraft:deepslate_coal_ore":2,"witcher_rpg:meteorite_ore":2,"minecraft:lapis_ore":2,"minecraft:diorite":34,"minecraft:birch_planks":1,"jewelry:deepslate_gem_vein":2,"minecraft:spruce_log":3,"minecraft:coal_ore":214,"regions_unexplored:mycotoxic_mushrooms":4,"minecraft:gravel":10,"mythicmetals:banglum_ore":6},"minecraft:custom":{"lootr:looted_stat":40,"minecraft:interact_with_crafting_table":163,"minecraft:bell_ring":15,"minecraft:leave_game":11,"minecraft:time_since_death":435,"minecraft:sprint_one_cm":875174,"minecraft:damage_blocked_by_shield":1789,"minecraft:drop":196,"minecraft:talked_to_villager":1,"minecraft:play_time":820236,"minecraft:deaths":73,"minecraft:jump":4978,"minecraft:walk_on_water_one_cm":43292,"minecraft:enchant_item":3,"minecraft:interact_with_furnace":140,"minecraft:interact_with_cartography_table":2,"minecraft:sleep_in_bed":13,"minecraft:damage_dealt":6292,"minecraft:player_kills":4,"minecraft:crouch_one_cm":18523,"minecraft:interact_with_smoker":3,"minecraft:interact_with_smithing_table":13,"minecraft:mob_kills":23,"minecraft:damage_dealt_resisted":4199,"minecraft:climb_one_cm":23628,"minecraft:walk_one_cm":2369775,"minecraft:damage_dealt_absorbed":2849,"minecraft:sneak_time":7608,"minecraft:walk_under_water_one_cm":15386,"minecraft:boat_one_cm":270824,"minecraft:interact_with_blast_furnace":35,"minecraft:total_world_time":820236,"minecraft:hex":0,"minecraft:time_since_rest":491,"minecraft:damage_taken":27188,"minecraft:fly_one_cm":189463,"minecraft:open_chest":549,"minecraft:threat":11,"minecraft:fall_one_cm":118493},"minecraft:dropped":{"minecraft:iron_sword":3,"minecraft:diamond":1,"minecraft:leather":3,"travelersbackpack:standard":1,"minecraft:dirt":30,"minecraft:bone_block":5,"minecraft:sand":8,"minecraft:iron_pickaxe":1,"minecraft:gravel":10,"minecraft:cobbled_deepslate":3,"minecraft:wheat":3,"minecraft:rotten_flesh":35,"minecraft:oak_planks":36,"minecraft:carrot":1,"patchouli:guide_book":1,"minecraft:enchanting_table":1,"minecraft:iron_ingot":15,"amethyst_imbuement:glistering_tome":2,"minecraft:bread":1,"minecraft:golden_helmet":1,"minecraft:cobblestone":130,"minecraft:granite":10,"minecraft:diorite":1,"minecraft:torch":1,"minecraft:zombie_head":3,"minecraft:player_head":2,"paladins:holy_staff":1,"minecraft:flint_and_steel":1,"amethyst_imbuement:book_of_lore":1,"azure-paxels:stone_paxel":1,"minecraft:spruce_planks":96,"minecraft:diamond_pickaxe":2,"minecraft:andesite":23,"minecraft:oak_boat":1,"minecraft:bow":1,"minecraft:stone_pickaxe":1}},"DataVersion":3465}