{"stats":{"minecraft:custom":{"minecraft:mob_kills":14,"minecraft:interact_with_crafting_table":121,"minecraft:damage_dealt_resisted":2948,"minecraft:leave_game":10,"minecraft:time_since_death":11734,"minecraft:climb_one_cm":4768,"minecraft:sprint_one_cm":639669,"minecraft:damage_blocked_by_shield":1789,"minecraft:walk_one_cm":1577653,"minecraft:drop":154,"minecraft:damage_dealt_absorbed":2133,"minecraft:play_time":570664,"minecraft:sneak_time":5523,"minecraft:deaths":56,"minecraft:walk_under_water_one_cm":9003,"minecraft:boat_one_cm":89213,"minecraft:jump":3989,"minecraft:interact_with_blast_furnace":1,"minecraft:enchant_item":3,"minecraft:walk_on_water_one_cm":35662,"minecraft:total_world_time":570664,"minecraft:interact_with_furnace":63,"minecraft:interact_with_cartography_table":1,"minecraft:hex":0,"minecraft:sleep_in_bed":8,"minecraft:time_since_rest":11776,"minecraft:damage_taken":18459,"minecraft:damage_dealt":4268,"minecraft:player_kills":2,"minecraft:fly_one_cm":142375,"minecraft:open_chest":307,"minecraft:crouch_one_cm":11922,"minecraft:threat":11,"minecraft:fall_one_cm":81278,"minecraft:interact_with_smoker":3,"minecraft:interact_with_smithing_table":13,"lootr:looted_stat":14},"minecraft:used":{"regions_unexplored:maple_door":2,"minecraft:stone_shovel":135,"minecraft:chest":6,"minecraft:shield":17,"minecraft:iron_sword":148,"minecraft:player_head":2,"minecraft:netherrack":52,"minecraft:torch":35,"minecraft:dirt":13,"minecraft:cobblestone_wall":21,"minecraft:carrot":6,"paladins:holy_staff":1,"minecraft:granite":1,"minecraft:wooden_axe":43,"regions_unexplored:maple_fence_gate":1,"minecraft:furnace":1,"minecraft:cobbled_deepslate":3,"minecraft:birch_planks":1,"minecraft:stone_pickaxe":106,"minecraft:wooden_pickaxe":55,"darkbread:pog_bread":1,"minecraft:white_bed":2,"minecraft:crafting_table":2,"croptopia:orange":5,"darkbread:obsidian_bread":2,"minecraft:shears":2,"minecraft:diamond_pickaxe":274,"minecraft:apple":1,"minecraft:zombie_head":1,"darkbread:green_bread":4,"minecraft:bread":4,"minecraft:iron_pickaxe":517,"travelersbackpack:standard":37,"minecraft:cobblestone":113,"minecraft:oak_boat":1,"minecraft:dark_oak_fence":1,"minecraft:smithing_table":1,"darkbread:iron_bread":1,"minecraft:yellow_bed":1,"wizards:wand_arcane":6,"darkbread:gold_bread":2,"travelersbackpack:skeleton":15},"minecraft:mined":{"croptopia:pepper_crop":1,"minecraft:spruce_planks":2,"minecraft:nether_gold_ore":12,"regions_unexplored:yellow_bioshroom_block":1,"mythicmetals:midas_gold_ore":6,"minecraft:white_bed":2,"croptopia:orange_crop":5,"minecraft:deepslate_diamond_ore":1,"regions_unexplored:maple_log":10,"mythicmetals:deepslate_morkite_ore":3,"minecraft:granite":14,"minecraft:grass_block":74,"regions_unexplored:yellow_bioshroom_stem":2,"minecraft:coal_block":12,"regions_unexplored:maple_leaves":1,"crystals_overhauled:celestite_ore":7,"mythicmetals:deepslate_orichalcum_ore":5,"croptopia:barley_crop":1,"minecraft:redstone_ore":4,"mythicmetals:quadrillum_ore":2,"extensivediamonds:deepslate_green_diamond_ore":6,"minecraft:iron_ore":11,"minecraft:fire":1,"crystals_overhauled:malachite_ore":4,"minecraft:andesite":29,"mythicmetals:tin_ore":12,"regions_unexplored:orange_maple_leaves":2,"minecraft:deepslate_lapis_ore":1,"minecraft:nether_brick_fence":1,"soulsweapons:moonstone_ore_deepslate":1,"crystals_overhauled:citrine_ore":4,"minecraft:deepslate_iron_ore":6,"clutter:silver_ore":1,"minecraft:stone":273,"mythicmetals:platinum_ore":4,"minecraft:soul_sand":23,"regions_unexplored:mycotoxic_moss":12,"crystals_overhauled:heliodor_ore":5,"minecraft:clay":3,"minecraft:crafting_table":1,"expores:deepslate_experience_ore":1,"crystals_overhauled:saphire_ore":1,"minecraft:chest":4,"regions_unexplored:maple_door":1,"expores:experience_ore":3,"minecraft:nether_quartz_ore":79,"minecraft:copper_ore":13,"minecraft:tall_grass":6,"minecraft:cobblestone":32,"minecraft:lapis_ore":2,"extensivediamonds:deepslate_red_diamond_ore":3,"minecraft:wall_torch":2,"minecraft:diorite":20,"minecraft:birch_planks":1,"jewelry:deepslate_gem_vein":2,"minecraft:wheat":2,"mythicmetals:manganese_ore":8,"minecraft:grass":32,"minecraft:coal_ore":87,"minecraft:oak_log":16,"regions_unexplored:mycotoxic_mushrooms":4,"minecraft:gravel":9,"minecraft:dirt":24,"minecraft:sand":54,"mythicmetals:morkite_ore":17,"darkblades:dark_ore":5,"minecraft:netherrack":154,"mythicmetals:banglum_ore":1,"minecraft:oak_leaves":7,"minecraft:deepslate":19,"regions_unexplored:mycotoxic_grass":1},"minecraft:broken":{"fpapmod:fell_priest_robe_t1_head":1,"minecraft:wooden_pickaxe":1,"minecraft:stone_pickaxe":1,"fpapmod:fell_priest_robe_t1_feet":1,"minecraft:shield":1,"minecraft:leather_boots":1,"minecraft:iron_pickaxe":2,"minecraft:wooden_axe":1,"fpapmod:fell_priest_robe_t1_chest":1,"minecraft:stone_shovel":1},"minecraft:crafted":{"minecraft:black_dye":13,"minecraft:oak_planks":112,"minecraft:stone_shovel":1,"mythicmetals:platinum_ingot":8,"clutter:silver_ingot":3,"minecraft:iron_nugget":9,"fpapmod:fell_priest_robe_t1_feet":1,"regions_unexplored:maple_planks":42,"minecraft:furnace":1,"minecraft:gray_dye":52,"minecraft:bone_meal":15,"minecraft:gray_wool":40,"travelersbackpack:blank_upgrade":4,"travelersbackpack:gold_tier_upgrade":2,"minecraft:flint_and_steel":1,"minecraft:glass":52,"travelersbackpack:white_sleeping_bag":1,"travelersbackpack:gray_sleeping_bag":1,"minecraft:stone_pickaxe":1,"minecraft:cobblestone_wall":72,"minecraft:chest":9,"regions_unexplored:maple_door":3,"minecraft:golden_helmet":1,"mythicmetals:tin_ingot":20,"regions_unexplored:maple_fence_gate":1,"travelersbackpack:iron_tier_upgrade":2,"fpapmod:fell_priest_robe_t1_head":1,"regions_unexplored:yellow_bioshroom_planks":16,"minecraft:crafting_table":2,"travelersbackpack:backpack_tank":6,"minecraft:wooden_pickaxe":1,"travelersbackpack:standard":4,"minecraft:iron_sword":1,"minecraft:copper_ingot":41,"mythicmetals:midas_gold_ingot":13,"travelersbackpack:skeleton":3,"fpapmod:fell_priest_robe_t1_legs":1,"minecraft:oak_boat":2,"fpapmod:fell_priest_robe_t1_chest":1,"minecraft:white_wool":1,"minecraft:diamond_pickaxe":1,"minecraft:white_dye":27,"mythicmetals:banglum_ingot":18,"minecraft:stick":12,"minecraft:iron_ingot":20,"minecraft:iron_pickaxe":4,"minecraft:wooden_axe":1,"minecraft:gold_ingot":37,"mythicmetals:manganese_ingot":21,"minecraft:torch":88,"minecraft:shears":1},"minecraft:dropped":{"minecraft:iron_ingot":15,"amethyst_imbuement:glistering_tome":2,"minecraft:iron_sword":3,"minecraft:golden_helmet":1,"minecraft:diamond":1,"minecraft:cobblestone":129,"minecraft:leather":3,"minecraft:granite":10,"travelersbackpack:standard":1,"minecraft:dirt":30,"minecraft:diorite":1,"minecraft:torch":1,"minecraft:zombie_head":3,"minecraft:sand":8,"minecraft:iron_pickaxe":1,"minecraft:gravel":10,"minecraft:player_head":2,"minecraft:cobbled_deepslate":3,"minecraft:wheat":3,"minecraft:rotten_flesh":35,"minecraft:oak_planks":36,"amethyst_imbuement:book_of_lore":1,"minecraft:carrot":1,"paladins:holy_staff":1,"patchouli:guide_book":1,"minecraft:flint_and_steel":1,"minecraft:diamond_pickaxe":1,"minecraft:andesite":23,"minecraft:oak_boat":1,"minecraft:bow":1,"minecraft:stone_pickaxe":1,"minecraft:enchanting_table":1},"minecraft:killed":{"medievalorigins:summon_zombie":2,"minecraft:skeleton":3,"minecraft:creeper":1,"minecraft:zombie":5,"medievalorigins:summon_skeleton":3,"minecraft:player":2},"minecraft:killed_by":{"minecraft:husk":1,"minecraft:zombie_villager":3,"minecraft:player":4,"minecraft:wither_skeleton":2,"minecraft:creeper":10,"minecraft:spider":4,"medievalorigins:summon_zombie":1,"graveyard:skeleton_creeper":2,"minecraft:vindicator":1,"minecraft:warden":1,"minecraft:skeleton":6,"minecraft:zombie":18},"minecraft:picked_up":{"minecraft:crafting_table":1,"minecraft:wheat":20,"regions_unexplored:mycotoxic_grass":10,"minecraft:nether_brick_fence":1,"minecraft:creeper_head":1,"minecraft:clay_ball":12,"soulsweapons:moonstone":1,"paladins:holy_staff":2,"minecraft:raw_copper":41,"minecraft:iron_leggings":1,"minecraft:zombie_head":8,"minecraft:beetroot":4,"clutter:raw_silver":3,"minecraft:spruce_planks":2,"minecraft:cobbled_deepslate":22,"minecraft:gold_nugget":43,"crystals_overhauled:malachite":8,"bosses_of_mass_destruction:soul_star":1,"minecraft:bucket":1,"more_jewels:peridot":1,"minecraft:player_head":18,"mythicmetals:raw_midas_gold":13,"croptopia:pepper_seed":1,"minecraft:coal_block":12,"minecraft:chest":5,"azure-paxels:stone_paxel":1,"mythicmetals:raw_orichalcum":4,"minecraft:raw_iron":17,"minecraft:stick":19,"croptopia:barley_seed":1,"minecraft:torch":35,"mythicmetals:raw_tin":19,"minecraft:diorite":20,"crystals_overhauled:saphire":2,"minecraft:carrot":12,"mythicmetals:morkite":58,"minecraft:redstone":19,"minecraft:arrow":10,"minecraft:rotten_flesh":39,"mythicmetals:raw_manganese":11,"regions_unexplored:maple_sapling":2,"crystals_overhauled:heliodor":17,"minecraft:gold_ingot":1,"croptopia:pepper":1,"minecraft:skeleton_skull":3,"minecraft:white_wool":26,"minecraft:cobblestone":410,"paraglider:paraglider":1,"minecraft:enchanting_table":1,"minecraft:glow_ink_sac":2,"minecraft:andesite":31,"minecraft:leather":22,"mythicmetals:raw_banglum":1,"minecraft:red_mushroom":2,"croptopia:glowing_calamari":3,"minecraft:potato":11,"minecraft:birch_planks":1,"minecraft:flint":1,"minecraft:oak_log":16,"minecraft:yellow_bed":1,"minecraft:gunpowder":2,"travelersbackpack:gold_tier_upgrade":1,"mythicmetals:raw_platinum":7,"regions_unexplored:orange_maple_leaves":1,"minecraft:lapis_lazuli":39,"minecraft:dirt":121,"extensivediamonds:green_diamond":6,"jewelry:tanzanite":1,"cleannarsenal:something_heavy":1,"regions_unexplored:maple_door":1,"amethyst_imbuement:glistering_tome":2,"minecraft:bone":12,"croptopia:barley":1,"minecraft:apple":2,"minecraft:bow":2,"minecraft:wheat_seeds":36,"extensivediamonds:red_diamond":2,"crystals_overhauled:citrine":9,"minecraft:iron_ingot":6,"minecraft:stone_pickaxe":1,"darkblades:dark_dust":10,"regions_unexplored:yellow_bioshroom_stem":2,"minecraft:oak_planks":36,"minecraft:iron_sword":3,"regions_unexplored:yellow_bioshroom":1,"minecraft:soul_sand":22,"jewelry:topaz":1,"regions_unexplored:mycotoxic_mushrooms":17,"patchouli:guide_book":1,"minecraft:quartz":80,"minecraft:gravel":13,"minecraft:sand":70,"minecraft:amethyst_shard":3,"mythicmetals:raw_quadrillum":5,"minecraft:white_bed":2,"minecraft:firework_rocket":6,"minecraft:diamond":8,"more_jewels:aquamarine":2,"croptopia:orange":5,"minecraft:granite":15,"minecraft:dark_oak_fence":1,"regions_unexplored:maple_log":10,"minecraft:emerald":3,"immersive_armors:divine_helmet":1,"minecraft:netherrack":174,"crystals_overhauled:celestite":13,"minecraft:coal":94,"minecraft:diamond_pickaxe":1}},"DataVersion":3465}