{
  "spellbladenext:spellblades/root": {
    "criteria": {
      "always": "2024-08-04 03:47:42 +0000"
    },
    "done": true
  },
  "minecraft:recipes/decorations/crafting_table": {
    "criteria": {
      "unlock_right_away": "2024-08-04 03:47:42 +0000"
    },
    "done": true
  },
  "darkrpg:info_story": {
    "criteria": {
      "darkrpg_info_extras": "2024-08-04 03:47:42 +0000"
    },
    "done": true
  },
  "advancednetherite:recipes/netherite_diamond_block": {
    "criteria": {
      "has_ingredients": "2024-08-04 03:47:42 +0000"
    },
    "done": true
  },
  "advancednetherite:recipes/misc/netherite_diamond_ingot": {
    "criteria": {
      "has_the_recipe": "2024-08-04 03:47:42 +0000"
    },
    "done": true
  },
  "mythic_charms:story/root": {
    "criteria": {
      "requirement": "2024-08-04 03:47:42 +0000"
    },
    "done": true
  },
  "darkbosses:info_graveyard_bosses": {
    "criteria": {
      "info_graveyard_bosses": "2024-08-04 03:47:42 +0000"
    },
    "done": true
  },
  "darkrpg_intro:info_intro": {
    "criteria": {
      "darkrpg_intros": "2024-08-04 03:47:42 +0000"
    },
    "done": true
  },
  "darkbosses:info_souls_bosses": {
    "criteria": {
      "info_souls_bosses": "2024-08-04 03:47:42 +0000"
    },
    "done": true
  },
  "advancednetherite:recipes/netherite_emerald_block": {
    "criteria": {
      "has_ingredients": "2024-08-04 03:47:42 +0000"
    },
    "done": true
  },
  "darkbosses:info_spellblade_bosses": {
    "criteria": {
      "info_spellblade_bosses": "2024-08-04 03:47:42 +0000"
    },
    "done": true
  },
  "darkrpg:root": {
    "criteria": {
      "darkrpg_info_extras": "2024-08-04 03:47:42 +0000"
    },
    "done": true
  },
  "advancednetherite:recipes/netherite_gold_block": {
    "criteria": {
      "has_ingredients": "2024-08-04 03:47:42 +0000"
    },
    "done": true
  },
  "toms_storage:unlock_glowstone": {
    "criteria": {
      "inv_changed-glowstone": "2024-08-04 03:47:42 +0000"
    },
    "done": true
  },
  "beautify:progression/root": {
    "criteria": {
      "Install": "2024-08-04 03:47:42 +0000"
    },
    "done": true
  },
  "advancednetherite:recipes/building_blocks/netherite_diamond_block": {
    "criteria": {
      "has_the_recipe": "2024-08-04 03:47:42 +0000"
    },
    "done": true
  },
  "darkrpg:info_extras": {
    "criteria": {
      "darkrpg_info_extras": "2024-08-04 03:47:42 +0000"
    },
    "done": true
  },
  "minecraft:plushables/root": {
    "criteria": {
      "root": "2024-08-04 03:47:42 +0000"
    },
    "done": true
  },
  "advancednetherite:recipes/misc/netherite_iron_ingot_from_block": {
    "criteria": {
      "has_the_recipe": "2024-08-04 03:47:42 +0000"
    },
    "done": true
  },
  "darkrpg:info_casino": {
    "criteria": {
      "darkrpg_info_extras": "2024-08-04 03:47:42 +0000"
    },
    "done": true
  },
  "farmersdelight:main/root": {
    "criteria": {
      "seeds": "2024-08-04 03:47:42 +0000"
    },
    "done": true
  },
  "darkspins:root": {
    "criteria": {
      "darkrpg_info_extras": "2024-08-04 03:47:42 +0000"
    },
    "done": true
  },
  "things:root": {
    "criteria": {
      "tick": "2024-08-04 03:47:42 +0000"
    },
    "done": true
  },
  "advancednetherite:recipes/building_blocks/netherite_iron_block": {
    "criteria": {
      "has_the_recipe": "2024-08-04 03:47:42 +0000"
    },
    "done": true
  },
  "simplyswords:grant_book_on_first_join": {
    "criteria": {
      "tick": "2024-08-04 03:47:42 +0000"
    },
    "done": true
  },
  "toms_storage:unlock_netherite": {
    "criteria": {
      "inv_changed-netherite": "2024-08-04 03:47:42 +0000"
    },
    "done": true
  },
  "toms_storage:unlock_chest": {
    "criteria": {
      "inv_changed-chest": "2024-08-04 03:47:42 +0000"
    },
    "done": true
  },
  "darkbosses:info_vanilla_bosses": {
    "criteria": {
      "info_vanilla_bosses": "2024-08-04 03:47:42 +0000"
    },
    "done": true
  },
  "darkrpg:info_crafting": {
    "criteria": {
      "darkrpg_info_crafting": "2024-08-04 03:47:42 +0000"
    },
    "done": true
  },
  "minecraft:clutter/root": {
    "criteria": {
      "requirement": "2024-08-04 03:47:42 +0000"
    },
    "done": true
  },
  "advancednetherite:recipes/building_blocks/netherite_emerald_block": {
    "criteria": {
      "has_the_recipe": "2024-08-04 03:47:42 +0000"
    },
    "done": true
  },
  "rewards:rewards": {
    "criteria": {
      "january": "2024-08-04 03:47:42 +0000"
    },
    "done": true
  },
  "advancednetherite:recipes/misc/netherite_emerald_ingot_from_block": {
    "criteria": {
      "has_the_recipe": "2024-08-04 03:47:42 +0000"
    },
    "done": true
  },
  "advancednetherite:recipes/netherite_iron_block": {
    "criteria": {
      "has_ingredients": "2024-08-04 03:47:42 +0000"
    },
    "done": true
  },
  "advancednetherite:recipes/netherite_ingots": {
    "criteria": {
      "has_ingredients": "2024-08-04 03:47:42 +0000"
    },
    "done": true
  },
  "toms_storage:unlock_dia_pearl": {
    "criteria": {
      "inv_changed-ender_pearl": "2024-08-04 03:47:42 +0000",
      "inv_changed-diamond": "2024-08-04 03:47:42 +0000"
    },
    "done": true
  },
  "rpg_series:root": {
    "criteria": {
      "always": "2024-08-04 03:47:42 +0000"
    },
    "done": true
  },
  "advancednetherite:recipes/misc/netherite_diamond_ingot_from_block": {
    "criteria": {
      "has_the_recipe": "2024-08-04 03:47:42 +0000"
    },
    "done": true
  },
  "mythic_charms:book/grant_book_on_first_join": {
    "criteria": {
      "tick": "2024-08-04 03:47:42 +0000"
    },
    "done": true
  },
  "amethyst_imbuement:grant_book_on_first_join": {
    "criteria": {
      "amethyst_imbuement:give_if_config": "2024-08-04 03:47:42 +0000"
    },
    "done": true
  },
  "darkbosses:info_bomd_bosses": {
    "criteria": {
      "info_bomd_bosses": "2024-08-04 03:47:42 +0000"
    },
    "done": true
  },
  "advancednetherite:recipes/building_blocks/netherite_gold_block": {
    "criteria": {
      "has_the_recipe": "2024-08-04 03:47:42 +0000"
    },
    "done": true
  },
  "darktides:info_darktides": {
    "criteria": {
      "info_darktides": "2024-08-04 03:47:42 +0000"
    },
    "done": true
  },
  "dungeons_arise:wda_root": {
    "criteria": {
      "WDA": "2024-08-04 03:47:42 +0000"
    },
    "done": true
  },
  "advancednetherite:recipes/misc/netherite_gold_ingot": {
    "criteria": {
      "has_the_recipe": "2024-08-04 03:47:42 +0000"
    },
    "done": true
  },
  "more_rpg_content:root": {
    "criteria": {
      "always": "2024-08-04 03:47:42 +0000"
    },
    "done": true
  },
  "advancednetherite:recipes/misc/netherite_gold_ingot_from_block": {
    "criteria": {
      "has_the_recipe": "2024-08-04 03:47:42 +0000"
    },
    "done": true
  },
  "darkbosses:root": {
    "criteria": {
      "darkbosses_info_extras": "2024-08-04 03:47:42 +0000"
    },
    "done": true
  },
  "lootr:root": {
    "criteria": {
      "always_true": "2024-08-04 03:47:42 +0000"
    },
    "done": true
  },
  "advancednetherite:recipes/misc/netherite_emerald_ingot": {
    "criteria": {
      "has_the_recipe": "2024-08-04 03:47:42 +0000"
    },
    "done": true
  },
  "advancednetherite:recipes/misc/netherite_iron_ingot": {
    "criteria": {
      "has_the_recipe": "2024-08-04 03:47:42 +0000"
    },
    "done": true
  },
  "minecraft:adventure/adventuring_time": {
    "criteria": {
      "minecraft:taiga": "2024-08-08 04:01:41 +0000",
      "minecraft:river": "2024-08-04 04:04:02 +0000",
      "minecraft:stony_shore": "2024-08-08 03:37:17 +0000",
      "minecraft:cold_ocean": "2024-08-08 03:43:34 +0000",
      "minecraft:forest": "2024-08-08 04:11:06 +0000",
      "minecraft:plains": "2024-08-04 03:47:43 +0000"
    },
    "done": false
  },
  "dungeons_arise:find_illager_windmill": {
    "criteria": {
      "location0": "2024-08-04 03:47:43 +0000"
    },
    "done": true
  },
  "regions_unexplored:parent": {
    "criteria": {
      "load_in_world": "2024-08-04 03:47:43 +0000"
    },
    "done": true
  },
  "regions_unexplored:regions_explored": {
    "criteria": {
      "autumnal_maple_forest": "2024-08-04 04:01:22 +0000",
      "muddy_river": "2024-08-04 04:04:01 +0000",
      "mycotoxic_undergrowth": "2024-08-06 05:39:35 +0000",
      "cold_river": "2024-08-04 04:03:59 +0000"
    },
    "done": false
  },
  "regions_unexplored:pioneer": {
    "criteria": {
      "autumnal_maple_forest": "2024-08-04 04:01:22 +0000",
      "muddy_river": "2024-08-04 04:04:01 +0000",
      "cold_river": "2024-08-04 04:03:59 +0000"
    },
    "done": false
  },
  "travelersbackpack:recipes/misc/hay": {
    "criteria": {
      "has_wheat": "2024-08-04 04:03:43 +0000"
    },
    "done": true
  },
  "croptopia:recipes/flour": {
    "criteria": {
      "has_grain": "2024-08-04 04:03:43 +0000"
    },
    "done": true
  },
  "croptopia:recipes/documentation": {
    "criteria": {
      "has_crop": "2024-08-04 04:03:43 +0000"
    },
    "done": true
  },
  "clutter:recipes/misc/beach_hat": {
    "criteria": {
      "has_wheat": "2024-08-04 04:03:43 +0000"
    },
    "done": true
  },
  "farmersdelight:recipes/food/pie_crust": {
    "criteria": {
      "has_wheat": "2024-08-04 04:03:43 +0000"
    },
    "done": true
  },
  "farmersdelight:recipes/food/wheat_dough_from_eggs": {
    "criteria": {
      "has_wheat": "2024-08-04 04:03:43 +0000"
    },
    "done": true
  },
  "minecraft:recipes/food/bread": {
    "criteria": {
      "has_wheat": "2024-08-04 04:03:43 +0000"
    },
    "done": true
  },
  "minecraft:recipes/building_blocks/hay_block": {
    "criteria": {
      "has_wheat": "2024-08-04 04:03:43 +0000"
    },
    "done": true
  },
  "compressedblocks:recipes/misc/shaped_crated_wheat_seeds": {
    "criteria": {
      "has_item": "2024-08-04 04:03:43 +0000"
    },
    "done": true
  },
  "farmersdelight:recipes/food/wheat_dough_from_water": {
    "criteria": {
      "has_wheat": "2024-08-04 04:03:43 +0000"
    },
    "done": true
  },
  "regions_unexplored:recipes/transportation/maple_boat": {
    "criteria": {
      "in_water": "2024-08-04 04:03:45 +0000"
    },
    "done": true
  },
  "regions_unexplored:recipes/transportation/magnolia_boat": {
    "criteria": {
      "in_water": "2024-08-04 04:03:45 +0000"
    },
    "done": true
  },
  "regions_unexplored:recipes/transportation/socotra_boat": {
    "criteria": {
      "in_water": "2024-08-04 04:03:45 +0000"
    },
    "done": true
  },
  "batsgalore:recipes/transportation/spooky_oak_boat": {
    "criteria": {
      "in_water": "2024-08-04 04:03:45 +0000"
    },
    "done": true
  },
  "minecraft:recipes/transportation/bamboo_raft": {
    "criteria": {
      "in_water": "2024-08-04 04:03:45 +0000"
    },
    "done": true
  },
  "regions_unexplored:recipes/transportation/kapok_boat": {
    "criteria": {
      "in_water": "2024-08-04 04:03:45 +0000"
    },
    "done": true
  },
  "regions_unexplored:recipes/transportation/cypress_boat": {
    "criteria": {
      "in_water": "2024-08-04 04:03:45 +0000"
    },
    "done": true
  },
  "regions_unexplored:recipes/transportation/oak_boat": {
    "criteria": {
      "in_water": "2024-08-04 04:03:45 +0000"
    },
    "done": true
  },
  "minecraft:recipes/transportation/birch_boat": {
    "criteria": {
      "in_water": "2024-08-04 04:03:45 +0000"
    },
    "done": true
  },
  "minecraft:recipes/transportation/oak_boat": {
    "criteria": {
      "has_the_recipe": "2024-08-04 04:03:45 +0000",
      "in_water": "2024-08-04 04:03:45 +0000"
    },
    "done": true
  },
  "regions_unexplored:recipes/transportation/redwood_boat": {
    "criteria": {
      "in_water": "2024-08-04 04:03:45 +0000"
    },
    "done": true
  },
  "regions_unexplored:recipes/transportation/willow_boat": {
    "criteria": {
      "in_water": "2024-08-04 04:03:45 +0000"
    },
    "done": true
  },
  "batsgalore:recipes/transportation/white_pine_boat": {
    "criteria": {
      "in_water": "2024-08-04 04:03:45 +0000"
    },
    "done": true
  },
  "minecraft:recipes/transportation/cherry_boat": {
    "criteria": {
      "in_water": "2024-08-04 04:03:45 +0000"
    },
    "done": true
  },
  "minecraft:recipes/transportation/acacia_boat": {
    "criteria": {
      "in_water": "2024-08-04 04:03:45 +0000"
    },
    "done": true
  },
  "minecraft:recipes/transportation/jungle_boat": {
    "criteria": {
      "in_water": "2024-08-04 04:03:45 +0000"
    },
    "done": true
  },
  "regions_unexplored:recipes/transportation/pine_boat": {
    "criteria": {
      "in_water": "2024-08-04 04:03:45 +0000"
    },
    "done": true
  },
  "minecraft:recipes/transportation/spruce_boat": {
    "criteria": {
      "in_water": "2024-08-04 04:03:45 +0000"
    },
    "done": true
  },
  "regions_unexplored:recipes/transportation/dead_boat": {
    "criteria": {
      "in_water": "2024-08-04 04:03:45 +0000"
    },
    "done": true
  },
  "minecraft:recipes/transportation/mangrove_boat": {
    "criteria": {
      "in_water": "2024-08-04 04:03:45 +0000"
    },
    "done": true
  },
  "regions_unexplored:recipes/transportation/baobab_boat": {
    "criteria": {
      "in_water": "2024-08-04 04:03:45 +0000"
    },
    "done": true
  },
  "regions_unexplored:recipes/transportation/joshua_boat": {
    "criteria": {
      "in_water": "2024-08-04 04:03:45 +0000"
    },
    "done": true
  },
  "minecraft:recipes/transportation/dark_oak_boat": {
    "criteria": {
      "in_water": "2024-08-04 04:03:45 +0000"
    },
    "done": true
  },
  "regions_unexplored:recipes/transportation/larch_boat": {
    "criteria": {
      "in_water": "2024-08-04 04:03:45 +0000"
    },
    "done": true
  },
  "regions_unexplored:recipes/transportation/blackwood_boat": {
    "criteria": {
      "in_water": "2024-08-04 04:03:45 +0000"
    },
    "done": true
  },
  "regions_unexplored:recipes/transportation/eucalyptus_boat": {
    "criteria": {
      "in_water": "2024-08-04 04:03:45 +0000"
    },
    "done": true
  },
  "regions_unexplored:recipes/transportation/palm_boat": {
    "criteria": {
      "in_water": "2024-08-04 04:03:45 +0000"
    },
    "done": true
  },
  "regions_unexplored:recipes/transportation/mauve_boat": {
    "criteria": {
      "in_water": "2024-08-04 04:03:45 +0000"
    },
    "done": true
  },
  "amethyst_imbuement:progression/sardonyx_fragment_2": {
    "criteria": {
      "hurt_by_fragment": "2024-08-04 04:03:50 +0000"
    },
    "done": true
  },
  "minecraft:recipes/decorations/chest": {
    "criteria": {
      "has_lots_of_items": "2024-08-04 04:04:00 +0000"
    },
    "done": true
  },
  "minecraft:adventure/root": {
    "criteria": {
      "killed_by_something": "2024-08-04 04:04:17 +0000"
    },
    "done": true
  },
  "darkrpg:iron_boots": {
    "criteria": {
      "darkrpg_iron_boots": "2024-08-04 04:07:08 +0000"
    },
    "done": true
  },
  "minecraft:story/obtain_armor": {
    "criteria": {
      "iron_boots": "2024-08-04 04:07:08 +0000"
    },
    "done": true
  },
  "minecraft:recipes/misc/iron_nugget_from_smelting": {
    "criteria": {
      "has_iron_boots": "2024-08-04 04:07:08 +0000"
    },
    "done": true
  },
  "minecraft:recipes/misc/iron_nugget_from_blasting": {
    "criteria": {
      "has_iron_boots": "2024-08-04 04:07:08 +0000"
    },
    "done": true
  },
  "compressedblocks:recipes/building_blocks/shaped_c0_sand": {
    "criteria": {
      "has_item": "2024-08-04 04:09:03 +0000"
    },
    "done": true
  },
  "minecraft:recipes/building_blocks/pink_concrete_powder": {
    "criteria": {
      "has_sand": "2024-08-04 04:09:03 +0000"
    },
    "done": true
  },
  "minecraft:recipes/building_blocks/white_concrete_powder": {
    "criteria": {
      "has_sand": "2024-08-04 04:09:03 +0000"
    },
    "done": true
  },
  "minecraft:recipes/building_blocks/red_concrete_powder": {
    "criteria": {
      "has_sand": "2024-08-04 04:09:03 +0000"
    },
    "done": true
  },
  "minecraft:recipes/building_blocks/green_concrete_powder": {
    "criteria": {
      "has_sand": "2024-08-04 04:09:03 +0000"
    },
    "done": true
  },
  "minecraft:recipes/building_blocks/light_gray_concrete_powder": {
    "criteria": {
      "has_sand": "2024-08-04 04:09:03 +0000"
    },
    "done": true
  },
  "minecraft:recipes/building_blocks/brown_concrete_powder": {
    "criteria": {
      "has_sand": "2024-08-04 04:09:03 +0000"
    },
    "done": true
  },
  "minecraft:recipes/building_blocks/light_blue_concrete_powder": {
    "criteria": {
      "has_sand": "2024-08-04 04:09:03 +0000"
    },
    "done": true
  },
  "minecraft:recipes/building_blocks/lime_concrete_powder": {
    "criteria": {
      "has_sand": "2024-08-04 04:09:03 +0000"
    },
    "done": true
  },
  "minecraft:recipes/building_blocks/magenta_concrete_powder": {
    "criteria": {
      "has_sand": "2024-08-04 04:09:03 +0000"
    },
    "done": true
  },
  "minecraft:recipes/building_blocks/black_concrete_powder": {
    "criteria": {
      "has_sand": "2024-08-04 04:09:03 +0000"
    },
    "done": true
  },
  "minecraft:recipes/building_blocks/cyan_concrete_powder": {
    "criteria": {
      "has_sand": "2024-08-04 04:09:03 +0000"
    },
    "done": true
  },
  "minecraft:recipes/building_blocks/yellow_concrete_powder": {
    "criteria": {
      "has_sand": "2024-08-04 04:09:03 +0000"
    },
    "done": true
  },
  "minecraft:recipes/building_blocks/sandstone": {
    "criteria": {
      "has_sand": "2024-08-04 04:09:03 +0000"
    },
    "done": true
  },
  "minecraft:recipes/building_blocks/blue_concrete_powder": {
    "criteria": {
      "has_sand": "2024-08-04 04:09:03 +0000"
    },
    "done": true
  },
  "minecraft:recipes/building_blocks/orange_concrete_powder": {
    "criteria": {
      "has_sand": "2024-08-04 04:09:03 +0000"
    },
    "done": true
  },
  "minecraft:recipes/building_blocks/purple_concrete_powder": {
    "criteria": {
      "has_sand": "2024-08-04 04:09:03 +0000"
    },
    "done": true
  },
  "minecraft:recipes/building_blocks/glass": {
    "criteria": {
      "has_smelts_to_glass": "2024-08-04 04:09:03 +0000"
    },
    "done": true
  },
  "minecraft:recipes/building_blocks/gray_concrete_powder": {
    "criteria": {
      "has_sand": "2024-08-04 04:09:03 +0000"
    },
    "done": true
  },
  "compressedblocks:recipes/building_blocks/shaped_c0_dirt": {
    "criteria": {
      "has_item": "2024-08-04 04:09:40 +0000"
    },
    "done": true
  },
  "compressedblocks:recipes/misc/shaped_crated_potato": {
    "criteria": {
      "has_item": "2024-08-04 04:10:21 +0000"
    },
    "done": true
  },
  "croptopia:recipes/potato_chips": {
    "criteria": {
      "has_potato": "2024-08-04 04:10:21 +0000"
    },
    "done": true
  },
  "minecraft:recipes/food/baked_potato_from_campfire_cooking": {
    "criteria": {
      "has_potato": "2024-08-04 04:10:21 +0000"
    },
    "done": true
  },
  "croptopia:recipes/french_fries": {
    "criteria": {
      "has_potato": "2024-08-04 04:10:21 +0000"
    },
    "done": true
  },
  "farmersdelight:recipes/cooking/beef_stew": {
    "criteria": {
      "has_any_ingredient": "2024-08-04 04:10:21 +0000"
    },
    "done": true
  },
  "farmersdelight:recipes/cooking/baked_cod_stew": {
    "criteria": {
      "has_any_ingredient": "2024-08-04 04:10:21 +0000"
    },
    "done": true
  },
  "minecraft:recipes/food/baked_potato_from_smoking": {
    "criteria": {
      "has_potato": "2024-08-04 04:10:21 +0000"
    },
    "done": true
  },
  "minecraft:recipes/food/baked_potato": {
    "criteria": {
      "has_potato": "2024-08-04 04:10:21 +0000"
    },
    "done": true
  },
  "travelersbackpack:recipes/misc/lapis": {
    "criteria": {
      "has_lapis_lazuli": "2024-08-04 04:10:29 +0000"
    },
    "done": true
  },
  "amethyst_imbuement:recipes/witches_bookshelf": {
    "criteria": {
      "has_items_2": "2024-08-04 04:10:29 +0000"
    },
    "done": true
  },
  "minecraft:recipes/misc/blue_dye": {
    "criteria": {
      "has_lapis_lazuli": "2024-08-04 04:10:29 +0000"
    },
    "done": true
  },
  "minecraft:recipes/building_blocks/lapis_block": {
    "criteria": {
      "has_lapis_lazuli": "2024-08-04 04:10:29 +0000"
    },
    "done": true
  },
  "croptopia:recipes/misc/oat_seed": {
    "criteria": {
      "has_oat": "2024-08-04 04:12:08 +0000"
    },
    "done": true
  },
  "croptopia:recipes/oatmeal": {
    "criteria": {
      "has_oats": "2024-08-04 04:12:08 +0000"
    },
    "done": true
  },
  "immersive_armors:recipes/misc/wooden": {
    "criteria": {
      "has_item": "2024-08-04 04:12:44 +0000"
    },
    "done": true
  },
  "compressedblocks:recipes/building_blocks/shaped_c0_oak_log": {
    "criteria": {
      "has_item": "2024-08-04 04:12:44 +0000"
    },
    "done": true
  },
  "minecraft:recipes/misc/charcoal": {
    "criteria": {
      "has_log": "2024-08-04 04:12:44 +0000"
    },
    "done": true
  },
  "minecraft:recipes/building_blocks/oak_planks": {
    "criteria": {
      "has_logs": "2024-08-04 04:12:44 +0000"
    },
    "done": true
  },
  "regions_unexplored:recipes/decorations/oak_branch_from_oak_log": {
    "criteria": {
      "has_log": "2024-08-04 04:12:44 +0000"
    },
    "done": true
  },
  "minecraft:recipes/building_blocks/oak_wood": {
    "criteria": {
      "has_log": "2024-08-04 04:12:44 +0000"
    },
    "done": true
  },
  "regions_unexplored:recipes/building_blocks/brown_painted_planks": {
    "criteria": {
      "has_planks": "2024-08-04 04:13:41 +0000"
    },
    "done": true
  },
  "regions_unexplored:recipes/building_blocks/cyan_painted_planks": {
    "criteria": {
      "has_planks": "2024-08-04 04:13:41 +0000"
    },
    "done": true
  },
  "handcrafted:recipes/misc/bear_trophy": {
    "criteria": {
      "has_bear_trophy": "2024-08-04 04:13:41 +0000"
    },
    "done": true
  },
  "minecraft:recipes/building_blocks/oak_slab": {
    "criteria": {
      "has_planks": "2024-08-04 04:13:41 +0000"
    },
    "done": true
  },
  "minecraft:recipes/redstone/oak_door": {
    "criteria": {
      "has_planks": "2024-08-04 04:13:41 +0000"
    },
    "done": true
  },
  "handcrafted:recipes/misc/goat_trophy": {
    "criteria": {
      "has_goat_trophy": "2024-08-04 04:13:41 +0000"
    },
    "done": true
  },
  "regions_unexplored:recipes/building_blocks/orange_painted_planks": {
    "criteria": {
      "has_planks": "2024-08-04 04:13:41 +0000"
    },
    "done": true
  },
  "handcrafted:recipes/misc/blaze_trophy": {
    "criteria": {
      "has_blaze_trophy": "2024-08-04 04:13:41 +0000"
    },
    "done": true
  },
  "handcrafted:recipes/misc/wolf_trophy": {
    "criteria": {
      "has_wolf_trophy": "2024-08-04 04:13:41 +0000"
    },
    "done": true
  },
  "regions_unexplored:recipes/building_blocks/green_painted_planks": {
    "criteria": {
      "has_planks": "2024-08-04 04:13:41 +0000"
    },
    "done": true
  },
  "handcrafted:recipes/misc/oak_bench": {
    "criteria": {
      "has_oak_bench": "2024-08-04 04:13:41 +0000"
    },
    "done": true
  },
  "regions_unexplored:recipes/building_blocks/purple_painted_planks": {
    "criteria": {
      "has_planks": "2024-08-04 04:13:41 +0000"
    },
    "done": true
  },
  "handcrafted:recipes/misc/oak_cupboard": {
    "criteria": {
      "has_oak_cupboard": "2024-08-04 04:13:41 +0000"
    },
    "done": true
  },
  "handcrafted:recipes/misc/skeleton_horse_trophy": {
    "criteria": {
      "has_skeleton_horse_trophy": "2024-08-04 04:13:41 +0000"
    },
    "done": true
  },
  "handcrafted:recipes/misc/oak_nightstand": {
    "criteria": {
      "has_oak_nightstand": "2024-08-04 04:13:41 +0000"
    },
    "done": true
  },
  "handcrafted:recipes/misc/oak_fancy_bed": {
    "criteria": {
      "has_oak_fancy_bed": "2024-08-04 04:13:41 +0000"
    },
    "done": true
  },
  "handcrafted:recipes/misc/oak_table": {
    "criteria": {
      "has_oak_table": "2024-08-04 04:13:41 +0000"
    },
    "done": true
  },
  "regions_unexplored:recipes/building_blocks/black_painted_planks": {
    "criteria": {
      "has_planks": "2024-08-04 04:13:41 +0000"
    },
    "done": true
  },
  "handcrafted:recipes/misc/silverfish_trophy": {
    "criteria": {
      "has_silverfish_trophy": "2024-08-04 04:13:41 +0000"
    },
    "done": true
  },
  "handcrafted:recipes/misc/oak_dining_bench": {
    "criteria": {
      "has_oak_dining_bench": "2024-08-04 04:13:41 +0000"
    },
    "done": true
  },
  "regions_unexplored:recipes/building_blocks/blue_painted_planks": {
    "criteria": {
      "has_planks": "2024-08-04 04:13:41 +0000"
    },
    "done": true
  },
  "regions_unexplored:recipes/building_blocks/gray_painted_planks": {
    "criteria": {
      "has_planks": "2024-08-04 04:13:41 +0000"
    },
    "done": true
  },
  "minecraft:recipes/building_blocks/oak_stairs": {
    "criteria": {
      "has_planks": "2024-08-04 04:13:41 +0000"
    },
    "done": true
  },
  "minecraft:recipes/decorations/oak_fence": {
    "criteria": {
      "has_planks": "2024-08-04 04:13:41 +0000"
    },
    "done": true
  },
  "regions_unexplored:recipes/building_blocks/light_blue_painted_planks": {
    "criteria": {
      "has_planks": "2024-08-04 04:13:41 +0000"
    },
    "done": true
  },
  "handcrafted:recipes/misc/fox_trophy": {
    "criteria": {
      "has_fox_trophy": "2024-08-04 04:13:41 +0000"
    },
    "done": true
  },
  "handcrafted:recipes/misc/tropical_fish_trophy": {
    "criteria": {
      "has_tropical_fish_trophy": "2024-08-04 04:13:41 +0000"
    },
    "done": true
  },
  "handcrafted:recipes/misc/oak_pillar_trim": {
    "criteria": {
      "has_oak_pillar_trim": "2024-08-04 04:13:41 +0000"
    },
    "done": true
  },
  "handcrafted:recipes/misc/pufferfish_trophy": {
    "criteria": {
      "has_pufferfish_trophy": "2024-08-04 04:13:41 +0000"
    },
    "done": true
  },
  "handcrafted:recipes/misc/oak_side_table": {
    "criteria": {
      "has_oak_side_table": "2024-08-04 04:13:41 +0000"
    },
    "done": true
  },
  "variantbarrels:recipes/decorations/oak_barrel": {
    "criteria": {
      "has_planks": "2024-08-04 04:13:41 +0000"
    },
    "done": true
  },
  "minecraft:recipes/misc/stick": {
    "criteria": {
      "has_planks": "2024-08-04 04:13:41 +0000"
    },
    "done": true
  },
  "handcrafted:recipes/misc/oak_drawer": {
    "criteria": {
      "has_oak_drawer": "2024-08-04 04:13:41 +0000"
    },
    "done": true
  },
  "handcrafted:recipes/misc/oak_shelf": {
    "criteria": {
      "has_oak_shelf": "2024-08-04 04:13:41 +0000"
    },
    "done": true
  },
  "handcrafted:recipes/misc/oak_counter": {
    "criteria": {
      "has_oak_counter": "2024-08-04 04:13:41 +0000"
    },
    "done": true
  },
  "regions_unexplored:recipes/building_blocks/red_painted_planks": {
    "criteria": {
      "has_planks": "2024-08-04 04:13:41 +0000"
    },
    "done": true
  },
  "minecraft:recipes/redstone/oak_trapdoor": {
    "criteria": {
      "has_planks": "2024-08-04 04:13:41 +0000"
    },
    "done": true
  },
  "regions_unexplored:recipes/building_blocks/light_gray_painted_planks": {
    "criteria": {
      "has_planks": "2024-08-04 04:13:41 +0000"
    },
    "done": true
  },
  "regions_unexplored:recipes/building_blocks/yellow_painted_planks": {
    "criteria": {
      "has_planks": "2024-08-04 04:13:41 +0000"
    },
    "done": true
  },
  "handcrafted:recipes/misc/oak_couch": {
    "criteria": {
      "has_oak_couch": "2024-08-04 04:13:41 +0000"
    },
    "done": true
  },
  "handcrafted:recipes/misc/spider_trophy": {
    "criteria": {
      "has_spider_trophy": "2024-08-04 04:13:41 +0000"
    },
    "done": true
  },
  "handcrafted:recipes/misc/oak_chair": {
    "criteria": {
      "has_oak_chair": "2024-08-04 04:13:41 +0000"
    },
    "done": true
  },
  "minecraft:recipes/redstone/oak_pressure_plate": {
    "criteria": {
      "has_planks": "2024-08-04 04:13:41 +0000"
    },
    "done": true
  },
  "handcrafted:recipes/misc/wither_skeleton_trophy": {
    "criteria": {
      "has_wither_skeleton_trophy": "2024-08-04 04:13:41 +0000"
    },
    "done": true
  },
  "regions_unexplored:recipes/building_blocks/lime_painted_planks": {
    "criteria": {
      "has_planks": "2024-08-04 04:13:41 +0000"
    },
    "done": true
  },
  "compressedblocks:recipes/building_blocks/shaped_c0_oak_planks": {
    "criteria": {
      "has_item": "2024-08-04 04:13:41 +0000"
    },
    "done": true
  },
  "minecraft:recipes/decorations/oak_sign": {
    "criteria": {
      "has_planks": "2024-08-04 04:13:41 +0000"
    },
    "done": true
  },
  "handcrafted:recipes/misc/oak_corner_trim": {
    "criteria": {
      "has_oak_corner_trim": "2024-08-04 04:13:41 +0000"
    },
    "done": true
  },
  "exlinefurniture:recipes/misc/oak": {
    "criteria": {
      "has_ingredient": "2024-08-04 04:13:41 +0000"
    },
    "done": true
  },
  "handcrafted:recipes/misc/salmon_trophy": {
    "criteria": {
      "has_salmon_trophy": "2024-08-04 04:13:41 +0000"
    },
    "done": true
  },
  "minecraft:recipes/redstone/oak_fence_gate": {
    "criteria": {
      "has_planks": "2024-08-04 04:13:41 +0000"
    },
    "done": true
  },
  "handcrafted:recipes/misc/oak_desk": {
    "criteria": {
      "has_oak_desk": "2024-08-04 04:13:41 +0000"
    },
    "done": true
  },
  "minecraft:recipes/decorations/barrel": {
    "criteria": {
      "has_planks": "2024-08-04 04:13:41 +0000"
    },
    "done": true
  },
  "regions_unexplored:recipes/building_blocks/white_painted_planks": {
    "criteria": {
      "has_planks": "2024-08-04 04:13:41 +0000"
    },
    "done": true
  },
  "minecraft:recipes/redstone/oak_button": {
    "criteria": {
      "has_planks": "2024-08-04 04:13:41 +0000"
    },
    "done": true
  },
  "regions_unexplored:recipes/building_blocks/pink_painted_planks": {
    "criteria": {
      "has_planks": "2024-08-04 04:13:41 +0000"
    },
    "done": true
  },
  "regions_unexplored:recipes/building_blocks/magenta_painted_planks": {
    "criteria": {
      "has_planks": "2024-08-04 04:13:41 +0000"
    },
    "done": true
  },
  "variantshields:recipes/combat/oak_wood_shield": {
    "criteria": {
      "has_plank": "2024-08-04 04:13:41 +0000"
    },
    "done": true
  },
  "minecraft:recipes/combat/wooden_sword": {
    "criteria": {
      "has_stick": "2024-08-04 04:14:43 +0000"
    },
    "done": true
  },
  "compressedblocks:addiction/root": {
    "criteria": {
      "crafting_table": "2024-08-04 04:14:43 +0000"
    },
    "done": true
  },
  "beautify:blinds": {
    "criteria": {
      "requirement": "2024-08-04 04:14:43 +0000"
    },
    "done": true
  },
  "minecraft:recipes/tools/wooden_pickaxe": {
    "criteria": {
      "has_stick": "2024-08-04 04:14:43 +0000"
    },
    "done": true
  },
  "soulsweapons:root": {
    "criteria": {
      "crafting_table": "2024-08-04 04:14:43 +0000"
    },
    "done": true
  },
  "minecraft:recipes/tools/wooden_shovel": {
    "criteria": {
      "has_stick": "2024-08-04 04:14:43 +0000"
    },
    "done": true
  },
  "plentyofarmors:armors/root": {
    "criteria": {
      "requirement": "2024-08-04 04:14:43 +0000"
    },
    "done": true
  },
  "sawmill:recipes/sawmill": {
    "criteria": {
      "has_sticks": "2024-08-04 04:14:43 +0000"
    },
    "done": true
  },
  "farmersdelight:recipes/decorations/cutting_board": {
    "criteria": {
      "has_stick": "2024-08-04 04:14:43 +0000"
    },
    "done": true
  },
  "beautify:trellis": {
    "criteria": {
      "requirement": "2024-08-04 04:14:43 +0000"
    },
    "done": true
  },
  "minecraft:story/root": {
    "criteria": {
      "crafting_table": "2024-08-04 04:14:43 +0000"
    },
    "done": true
  },
  "minecraft:recipes/decorations/ladder": {
    "criteria": {
      "has_stick": "2024-08-04 04:14:43 +0000"
    },
    "done": true
  },
  "minecraft:recipes/tools/wooden_axe": {
    "criteria": {
      "has_stick": "2024-08-04 04:14:43 +0000"
    },
    "done": true
  },
  "travelersbackpack:recipes/misc/crafting_upgrade": {
    "criteria": {
      "has_crafting_table": "2024-08-04 04:14:43 +0000"
    },
    "done": true
  },
  "compressedblocks:recipes/misc/shaped_crated_stick": {
    "criteria": {
      "has_item": "2024-08-04 04:14:43 +0000"
    },
    "done": true
  },
  "darkrpg:crafting_table": {
    "criteria": {
      "darkrpg_crafting_table": "2024-08-04 04:14:43 +0000"
    },
    "done": true
  },
  "minecraft:recipes/decorations/campfire": {
    "criteria": {
      "has_stick": "2024-08-04 04:14:43 +0000"
    },
    "done": true
  },
  "compressedblocks:compression/root": {
    "criteria": {
      "crafting_table": "2024-08-04 04:14:43 +0000"
    },
    "done": true
  },
  "minecraft:recipes/tools/wooden_hoe": {
    "criteria": {
      "has_stick": "2024-08-04 04:14:43 +0000"
    },
    "done": true
  },
  "farmersdelight:recipes/combat/flint_knife": {
    "criteria": {
      "has_stick": "2024-08-04 04:14:43 +0000"
    },
    "done": true
  },
  "minecraft:recipes/building_blocks/cobblestone_slab": {
    "criteria": {
      "has_cobblestone": "2024-08-04 04:18:01 +0000"
    },
    "done": true
  },
  "minecraft:recipes/building_blocks/cobblestone_stairs": {
    "criteria": {
      "has_cobblestone": "2024-08-04 04:18:01 +0000"
    },
    "done": true
  },
  "minecraft:recipes/combat/stone_sword": {
    "criteria": {
      "has_cobblestone": "2024-08-04 04:18:01 +0000"
    },
    "done": true
  },
  "minecraft:recipes/decorations/cobblestone_wall": {
    "criteria": {
      "has_cobblestone": "2024-08-04 04:18:01 +0000"
    },
    "done": true
  },
  "minecraft:recipes/tools/stone_axe": {
    "criteria": {
      "has_cobblestone": "2024-08-04 04:18:01 +0000"
    },
    "done": true
  },
  "minecraft:story/mine_stone": {
    "criteria": {
      "get_stone": "2024-08-04 04:18:01 +0000"
    },
    "done": true
  },
  "minecraft:recipes/decorations/furnace": {
    "criteria": {
      "has_cobblestone": "2024-08-04 04:18:01 +0000"
    },
    "done": true
  },
  "compressedblocks:recipes/building_blocks/shaped_c0_cobblestone": {
    "criteria": {
      "has_item": "2024-08-04 04:18:01 +0000"
    },
    "done": true
  },
  "minecraft:recipes/tools/stone_shovel": {
    "criteria": {
      "has_cobblestone": "2024-08-04 04:18:01 +0000"
    },
    "done": true
  },
  "minecraft:recipes/building_blocks/cobblestone_stairs_from_cobblestone_stonecutting": {
    "criteria": {
      "has_cobblestone": "2024-08-04 04:18:01 +0000"
    },
    "done": true
  },
  "minecraft:recipes/tools/stone_hoe": {
    "criteria": {
      "has_cobblestone": "2024-08-04 04:18:01 +0000"
    },
    "done": true
  },
  "minecraft:recipes/decorations/cobblestone_wall_from_cobblestone_stonecutting": {
    "criteria": {
      "has_cobblestone": "2024-08-04 04:18:01 +0000"
    },
    "done": true
  },
  "minecraft:recipes/redstone/lever": {
    "criteria": {
      "has_cobblestone": "2024-08-04 04:18:01 +0000"
    },
    "done": true
  },
  "exlinefurniture:recipes/misc/stone": {
    "criteria": {
      "has_ingredient": "2024-08-04 04:18:01 +0000"
    },
    "done": true
  },
  "minecraft:recipes/building_blocks/cobblestone_slab_from_cobblestone_stonecutting": {
    "criteria": {
      "has_cobblestone": "2024-08-04 04:18:01 +0000"
    },
    "done": true
  },
  "minecraft:recipes/building_blocks/stone": {
    "criteria": {
      "has_cobblestone": "2024-08-04 04:18:01 +0000"
    },
    "done": true
  },
  "minecraft:recipes/tools/stone_pickaxe": {
    "criteria": {
      "has_cobblestone": "2024-08-04 04:18:01 +0000"
    },
    "done": true
  },
  "minecraft:story/upgrade_tools": {
    "criteria": {
      "stone_pickaxe": "2024-08-04 04:18:31 +0000"
    },
    "done": true
  },
  "minecraft:recipes/decorations/torch": {
    "criteria": {
      "has_stone_pickaxe": "2024-08-04 04:18:31 +0000"
    },
    "done": true
  },
  "extrasponges:recipes/gold_sponge": {
    "criteria": {
      "has_the_recipe": "2024-08-04 04:19:21 +0000"
    },
    "done": true
  },
  "minecraft:recipes/combat/iron_helmet": {
    "criteria": {
      "has_iron_ingot": "2024-08-04 04:19:21 +0000"
    },
    "done": true
  },
  "handcrafted:recipes/misc/hammer": {
    "criteria": {
      "has_hammer": "2024-08-04 04:19:21 +0000"
    },
    "done": true
  },
  "minecraft:recipes/combat/iron_boots": {
    "criteria": {
      "has_iron_ingot": "2024-08-04 04:19:21 +0000"
    },
    "done": true
  },
  "variantshields:recipes/combat/mangrove_iron_shield": {
    "criteria": {
      "has_iron_ingot": "2024-08-04 04:19:21 +0000"
    },
    "done": true
  },
  "croptopia:recipes/misc/knife": {
    "criteria": {
      "has_iron": "2024-08-04 04:19:21 +0000"
    },
    "done": true
  },
  "farmersdelight:recipes/combat/iron_knife": {
    "criteria": {
      "has_iron_ingot": "2024-08-04 04:19:21 +0000"
    },
    "done": true
  },
  "clutter:recipes/misc/mailbox": {
    "criteria": {
      "has_iron_ingot": "2024-08-04 04:19:21 +0000"
    },
    "done": true
  },
  "extrasponges:recipes/iron_sponge": {
    "criteria": {
      "has_iron_ingot": "2024-08-04 04:19:21 +0000"
    },
    "done": true
  },
  "minecraft:recipes/misc/bucket": {
    "criteria": {
      "has_iron_ingot": "2024-08-04 04:19:21 +0000"
    },
    "done": true
  },
  "minecraft:recipes/combat/shield": {
    "criteria": {
      "has_iron_ingot": "2024-08-04 04:19:21 +0000"
    },
    "done": true
  },
  "minecraft:recipes/decorations/iron_bars": {
    "criteria": {
      "has_iron_ingot": "2024-08-04 04:19:21 +0000"
    },
    "done": true
  },
  "variantshields:recipes/combat/acacia_iron_shield": {
    "criteria": {
      "has_iron_ingot": "2024-08-04 04:19:21 +0000"
    },
    "done": true
  },
  "minecraft:recipes/tools/iron_axe": {
    "criteria": {
      "has_iron_ingot": "2024-08-04 04:19:21 +0000"
    },
    "done": true
  },
  "minecraft:recipes/redstone/iron_door": {
    "criteria": {
      "has_iron_ingot": "2024-08-04 04:19:21 +0000"
    },
    "done": true
  },
  "travelersbackpack:recipes/misc/backpack_tank": {
    "criteria": {
      "has_iron": "2024-08-04 04:19:21 +0000"
    },
    "done": true
  },
  "variantshields:recipes/combat/crimson_iron_shield": {
    "criteria": {
      "has_iron_ingot": "2024-08-04 04:19:21 +0000"
    },
    "done": true
  },
  "minecraft:recipes/decorations/lantern": {
    "criteria": {
      "has_iron_ingot": "2024-08-04 04:19:21 +0000"
    },
    "done": true
  },
  "clutter:recipes/misc/viking_helmet": {
    "criteria": {
      "has_iron_ingot": "2024-08-04 04:19:21 +0000"
    },
    "done": true
  },
  "nethersdelight:recipes/tools/iron_machete": {
    "criteria": {
      "has_iron_ingot": "2024-08-04 04:19:21 +0000"
    },
    "done": true
  },
  "soulsweapons:holy_greatsword_recipe": {
    "criteria": {
      "has_item": "2024-08-04 04:19:21 +0000"
    },
    "done": true
  },
  "variantshields:recipes/combat/cherry_iron_shield": {
    "criteria": {
      "has_iron_ingot": "2024-08-04 04:19:21 +0000"
    },
    "done": true
  },
  "minecraft:recipes/combat/iron_leggings": {
    "criteria": {
      "has_iron_ingot": "2024-08-04 04:19:21 +0000"
    },
    "done": true
  },
  "alloy_forgery:recipes/alloy_forgery/iron_block": {
    "criteria": {
      "has_the_recipe": "2024-08-04 04:19:21 +0000"
    },
    "done": true
  },
  "minecraft:recipes/tools/iron_hoe": {
    "criteria": {
      "has_iron_ingot": "2024-08-04 04:19:21 +0000"
    },
    "done": true
  },
  "travelersbackpack:recipes/misc/hose_nozzle": {
    "criteria": {
      "has_iron": "2024-08-04 04:19:21 +0000"
    },
    "done": true
  },
  "handcrafted:recipes/misc/bench": {
    "criteria": {
      "has_bench": "2024-08-04 04:19:21 +0000"
    },
    "done": true
  },
  "croptopia:recipes/misc/cooking_pot": {
    "criteria": {
      "has_iron": "2024-08-04 04:19:21 +0000"
    },
    "done": true
  },
  "immersive_aircraft:misc/aircraftery": {
    "criteria": {
      "has_item": "2024-08-04 04:19:21 +0000"
    },
    "done": true
  },
  "beautify:iron_blinds": {
    "criteria": {
      "requirement": "2024-08-04 04:19:21 +0000"
    },
    "done": true
  },
  "waterballoon:recipes/misc/balloon_bazooka": {
    "criteria": {
      "has_iron_ingot": "2024-08-04 04:19:21 +0000"
    },
    "done": true
  },
  "minecraft:recipes/redstone/hopper": {
    "criteria": {
      "has_iron_ingot": "2024-08-04 04:19:21 +0000"
    },
    "done": true
  },
  "travelersbackpack:recipes/misc/iron": {
    "criteria": {
      "has_iron_ingot": "2024-08-04 04:19:21 +0000"
    },
    "done": true
  },
  "variantshields:recipes/combat/warped_iron_shield": {
    "criteria": {
      "has_iron_ingot": "2024-08-04 04:19:21 +0000"
    },
    "done": true
  },
  "croptopia:recipes/misc/frying_pan": {
    "criteria": {
      "has_iron": "2024-08-04 04:19:21 +0000"
    },
    "done": true
  },
  "minecraft:recipes/redstone/iron_trapdoor": {
    "criteria": {
      "has_iron_ingot": "2024-08-04 04:19:21 +0000"
    },
    "done": true
  },
  "variantshields:recipes/combat/birch_iron_shield": {
    "criteria": {
      "has_iron_ingot": "2024-08-04 04:19:21 +0000"
    },
    "done": true
  },
  "variantshields:recipes/decorations/shield": {
    "criteria": {
      "has_the_recipe": "2024-08-04 04:19:21 +0000"
    },
    "done": true
  },
  "minecraft:recipes/combat/iron_chestplate": {
    "criteria": {
      "has_iron_ingot": "2024-08-04 04:19:21 +0000"
    },
    "done": true
  },
  "minecraft:recipes/misc/iron_nugget": {
    "criteria": {
      "has_iron_ingot": "2024-08-04 04:19:21 +0000"
    },
    "done": true
  },
  "minecraft:story/smelt_iron": {
    "criteria": {
      "iron": "2024-08-04 04:19:21 +0000"
    },
    "done": true
  },
  "minecraft:recipes/combat/iron_sword": {
    "criteria": {
      "has_iron_ingot": "2024-08-04 04:19:21 +0000"
    },
    "done": true
  },
  "minecraft:recipes/tools/iron_pickaxe": {
    "criteria": {
      "has_iron_ingot": "2024-08-04 04:19:21 +0000"
    },
    "done": true
  },
  "exlinefurniture:recipes/misc/iron": {
    "criteria": {
      "has_ingredient": "2024-08-04 04:19:21 +0000"
    },
    "done": true
  },
  "variantshields:recipes/combat/jungle_iron_shield": {
    "criteria": {
      "has_iron_ingot": "2024-08-04 04:19:21 +0000"
    },
    "done": true
  },
  "nethersdelight:recipes/decorations/blackstone_blast_furnace": {
    "criteria": {
      "has_iron": "2024-08-04 04:19:21 +0000"
    },
    "done": true
  },
  "minecraft:recipes/tools/shears": {
    "criteria": {
      "has_iron_ingot": "2024-08-04 04:19:21 +0000"
    },
    "done": true
  },
  "minecraft:recipes/building_blocks/iron_block": {
    "criteria": {
      "has_iron_ingot": "2024-08-04 04:19:21 +0000"
    },
    "done": true
  },
  "variantshields:recipes/combat/spruce_iron_shield": {
    "criteria": {
      "has_iron_ingot": "2024-08-04 04:19:21 +0000"
    },
    "done": true
  },
  "farmersdelight:recipes/decorations/cooking_pot": {
    "criteria": {
      "has_iron_ingot": "2024-08-04 04:19:21 +0000"
    },
    "done": true
  },
  "minecraft:recipes/tools/iron_shovel": {
    "criteria": {
      "has_iron_ingot": "2024-08-04 04:19:21 +0000"
    },
    "done": true
  },
  "minecraft:recipes/combat/crossbow": {
    "criteria": {
      "has_iron_ingot": "2024-08-04 04:19:21 +0000"
    },
    "done": true
  },
  "minecraft:recipes/redstone/heavy_weighted_pressure_plate": {
    "criteria": {
      "has_iron_ingot": "2024-08-04 04:19:21 +0000"
    },
    "done": true
  },
  "variantshields:recipes/combat/dark_oak_iron_shield": {
    "criteria": {
      "has_iron_ingot": "2024-08-04 04:19:21 +0000"
    },
    "done": true
  },
  "minecraft:recipes/transportation/minecart": {
    "criteria": {
      "has_iron_ingot": "2024-08-04 04:19:21 +0000"
    },
    "done": true
  },
  "minecraft:recipes/decorations/chain": {
    "criteria": {
      "has_iron_ingot": "2024-08-04 04:19:21 +0000"
    },
    "done": true
  },
  "minecraft:recipes/decorations/smithing_table": {
    "criteria": {
      "has_iron_ingot": "2024-08-04 04:19:21 +0000"
    },
    "done": true
  },
  "variantshields:recipes/combat/bamboo_iron_shield": {
    "criteria": {
      "has_iron_ingot": "2024-08-04 04:19:21 +0000"
    },
    "done": true
  },
  "travelersbackpack:recipes/misc/iron_tier_upgrade": {
    "criteria": {
      "has_iron_ingot": "2024-08-04 04:19:21 +0000"
    },
    "done": true
  },
  "minecraft:recipes/decorations/granite_wall_from_granite_stonecutting": {
    "criteria": {
      "has_granite": "2024-08-04 04:19:23 +0000"
    },
    "done": true
  },
  "handcrafted:recipes/misc/granite_corner_trim": {
    "criteria": {
      "has_granite_corner_trim": "2024-08-04 04:19:23 +0000"
    },
    "done": true
  },
  "minecraft:recipes/building_blocks/polished_granite_stairs_from_granite_stonecutting": {
    "criteria": {
      "has_granite": "2024-08-04 04:19:23 +0000"
    },
    "done": true
  },
  "minecraft:recipes/building_blocks/polished_granite": {
    "criteria": {
      "has_granite": "2024-08-04 04:19:23 +0000"
    },
    "done": true
  },
  "minecraft:recipes/building_blocks/granite_stairs_from_granite_stonecutting": {
    "criteria": {
      "has_granite": "2024-08-04 04:19:23 +0000"
    },
    "done": true
  },
  "minecraft:recipes/building_blocks/granite_slab_from_granite_stonecutting": {
    "criteria": {
      "has_granite": "2024-08-04 04:19:23 +0000"
    },
    "done": true
  },
  "minecraft:recipes/building_blocks/granite_slab": {
    "criteria": {
      "has_granite": "2024-08-04 04:19:23 +0000"
    },
    "done": true
  },
  "handcrafted:recipes/misc/granite_pillar_trim": {
    "criteria": {
      "has_granite_pillar_trim": "2024-08-04 04:19:23 +0000"
    },
    "done": true
  },
  "compressedblocks:recipes/building_blocks/shaped_c0_granite": {
    "criteria": {
      "has_item": "2024-08-04 04:19:23 +0000"
    },
    "done": true
  },
  "minecraft:recipes/building_blocks/polished_granite_from_granite_stonecutting": {
    "criteria": {
      "has_granite": "2024-08-04 04:19:23 +0000"
    },
    "done": true
  },
  "minecraft:recipes/building_blocks/granite_stairs": {
    "criteria": {
      "has_granite": "2024-08-04 04:19:23 +0000"
    },
    "done": true
  },
  "minecraft:recipes/decorations/granite_wall": {
    "criteria": {
      "has_granite": "2024-08-04 04:19:23 +0000"
    },
    "done": true
  },
  "minecraft:recipes/building_blocks/polished_granite_slab_from_granite_stonecutting": {
    "criteria": {
      "has_granite": "2024-08-04 04:19:23 +0000"
    },
    "done": true
  },
  "minecraft:recipes/misc/copper_ingot_from_blasting_raw_copper": {
    "criteria": {
      "has_raw_copper": "2024-08-04 04:24:46 +0000"
    },
    "done": true
  },
  "minecraft:recipes/building_blocks/raw_copper_block": {
    "criteria": {
      "has_raw_copper": "2024-08-04 04:24:46 +0000"
    },
    "done": true
  },
  "minecraft:recipes/misc/copper_ingot_from_smelting_raw_copper": {
    "criteria": {
      "has_raw_copper": "2024-08-04 04:24:46 +0000"
    },
    "done": true
  },
  "regions_unexplored:recipes/decorations/maple_branch_from_maple_log": {
    "criteria": {
      "has_log": "2024-08-04 04:26:08 +0000"
    },
    "done": true
  },
  "regions_unexplored:recipes/building_blocks/maple_wood": {
    "criteria": {
      "has_log": "2024-08-04 04:26:08 +0000"
    },
    "done": true
  },
  "regions_unexplored:got_wood": {
    "criteria": {
      "yellow_bioshroom_stem": "2024-08-06 05:42:13 +0000",
      "maple_log": "2024-08-04 04:26:08 +0000"
    },
    "done": false
  },
  "regions_unexplored:recipes/building_blocks/maple_planks": {
    "criteria": {
      "has_logs": "2024-08-04 04:26:08 +0000"
    },
    "done": true
  },
  "travelersbackpack:recipes/misc/coal": {
    "criteria": {
      "has_coal": "2024-08-04 04:27:29 +0000"
    },
    "done": true
  },
  "minecraft:recipes/building_blocks/coal_block": {
    "criteria": {
      "has_coal": "2024-08-04 04:27:29 +0000"
    },
    "done": true
  },
  "compressedblocks:recipes/building_blocks/shaped_c0_andesite": {
    "criteria": {
      "has_item": "2024-08-04 04:27:59 +0000"
    },
    "done": true
  },
  "minecraft:recipes/building_blocks/polished_andesite_from_andesite_stonecutting": {
    "criteria": {
      "has_andesite": "2024-08-04 04:27:59 +0000"
    },
    "done": true
  },
  "handcrafted:recipes/misc/andesite_corner_trim": {
    "criteria": {
      "has_andesite_corner_trim": "2024-08-04 04:27:59 +0000"
    },
    "done": true
  },
  "minecraft:recipes/decorations/andesite_wall_from_andesite_stonecutting": {
    "criteria": {
      "has_andesite": "2024-08-04 04:27:59 +0000"
    },
    "done": true
  },
  "minecraft:recipes/building_blocks/polished_andesite_slab_from_andesite_stonecutting": {
    "criteria": {
      "has_andesite": "2024-08-04 04:27:59 +0000"
    },
    "done": true
  },
  "minecraft:recipes/building_blocks/andesite_stairs_from_andesite_stonecutting": {
    "criteria": {
      "has_andesite": "2024-08-04 04:27:59 +0000"
    },
    "done": true
  },
  "minecraft:recipes/building_blocks/andesite_slab": {
    "criteria": {
      "has_andesite": "2024-08-04 04:27:59 +0000"
    },
    "done": true
  },
  "minecraft:recipes/building_blocks/polished_andesite_stairs_from_andesite_stonecutting": {
    "criteria": {
      "has_andesite": "2024-08-04 04:27:59 +0000"
    },
    "done": true
  },
  "minecraft:recipes/building_blocks/andesite_slab_from_andesite_stonecutting": {
    "criteria": {
      "has_andesite": "2024-08-04 04:27:59 +0000"
    },
    "done": true
  },
  "minecraft:recipes/building_blocks/andesite_stairs": {
    "criteria": {
      "has_andesite": "2024-08-04 04:27:59 +0000"
    },
    "done": true
  },
  "handcrafted:recipes/misc/andesite_pillar_trim": {
    "criteria": {
      "has_andesite_pillar_trim": "2024-08-04 04:27:59 +0000"
    },
    "done": true
  },
  "minecraft:recipes/building_blocks/polished_andesite": {
    "criteria": {
      "has_andesite": "2024-08-04 04:27:59 +0000"
    },
    "done": true
  },
  "minecraft:recipes/decorations/andesite_wall": {
    "criteria": {
      "has_andesite": "2024-08-04 04:27:59 +0000"
    },
    "done": true
  },
  "minecraft:recipes/building_blocks/polished_diorite": {
    "criteria": {
      "has_diorite": "2024-08-04 04:28:24 +0000"
    },
    "done": true
  },
  "minecraft:recipes/building_blocks/diorite_stairs_from_diorite_stonecutting": {
    "criteria": {
      "has_diorite": "2024-08-04 04:28:24 +0000"
    },
    "done": true
  },
  "minecraft:recipes/building_blocks/diorite_slab": {
    "criteria": {
      "has_diorite": "2024-08-04 04:28:24 +0000"
    },
    "done": true
  },
  "minecraft:recipes/decorations/diorite_wall": {
    "criteria": {
      "has_diorite": "2024-08-04 04:28:24 +0000"
    },
    "done": true
  },
  "minecraft:recipes/decorations/diorite_wall_from_diorite_stonecutting": {
    "criteria": {
      "has_diorite": "2024-08-04 04:28:24 +0000"
    },
    "done": true
  },
  "minecraft:recipes/building_blocks/polished_diorite_from_diorite_stonecutting": {
    "criteria": {
      "has_diorite": "2024-08-04 04:28:24 +0000"
    },
    "done": true
  },
  "minecraft:recipes/building_blocks/andesite": {
    "criteria": {
      "has_stone": "2024-08-04 04:28:24 +0000"
    },
    "done": true
  },
  "handcrafted:recipes/misc/diorite_corner_trim": {
    "criteria": {
      "has_diorite_corner_trim": "2024-08-04 04:28:24 +0000"
    },
    "done": true
  },
  "compressedblocks:recipes/building_blocks/shaped_c0_diorite": {
    "criteria": {
      "has_item": "2024-08-04 04:28:24 +0000"
    },
    "done": true
  },
  "minecraft:recipes/building_blocks/diorite_slab_from_diorite_stonecutting": {
    "criteria": {
      "has_diorite": "2024-08-04 04:28:24 +0000"
    },
    "done": true
  },
  "minecraft:recipes/building_blocks/diorite_stairs": {
    "criteria": {
      "has_diorite": "2024-08-04 04:28:24 +0000"
    },
    "done": true
  },
  "minecraft:recipes/building_blocks/polished_diorite_stairs_from_diorite_stonecutting": {
    "criteria": {
      "has_diorite": "2024-08-04 04:28:24 +0000"
    },
    "done": true
  },
  "minecraft:recipes/building_blocks/polished_diorite_slab_from_diorite_stonecutting": {
    "criteria": {
      "has_diorite": "2024-08-04 04:28:24 +0000"
    },
    "done": true
  },
  "handcrafted:recipes/misc/diorite_pillar_trim": {
    "criteria": {
      "has_diorite_pillar_trim": "2024-08-04 04:28:24 +0000"
    },
    "done": true
  },
  "mythicmetals:root": {
    "criteria": {
      "pick_up_mythic_metal": "2024-08-04 04:30:43 +0000"
    },
    "done": true
  },
  "paraglider:recipes/misc/paraglider": {
    "criteria": {
      "has_stick": "2024-08-06 04:14:40 +0000"
    },
    "done": true
  },
  "paraglider:root": {
    "criteria": {
      "crafting_table": "2024-08-06 04:21:30 +0000"
    },
    "done": true
  },
  "minecraft:recipes/building_blocks/raw_iron_block": {
    "criteria": {
      "has_raw_iron": "2024-08-06 04:23:43 +0000"
    },
    "done": true
  },
  "clutter:recipes/misc/tiara": {
    "criteria": {
      "has_emerald": "2024-08-06 04:23:43 +0000"
    },
    "done": true
  },
  "minecraft:recipes/misc/iron_ingot_from_smelting_raw_iron": {
    "criteria": {
      "has_raw_iron": "2024-08-06 04:23:43 +0000"
    },
    "done": true
  },
  "travelersbackpack:recipes/misc/emerald": {
    "criteria": {
      "has_emerald": "2024-08-06 04:23:43 +0000"
    },
    "done": true
  },
  "magnumtorch:recipes/decorations/emerald_magnum_torch": {
    "criteria": {
      "has_emerald": "2024-08-06 04:23:43 +0000"
    },
    "done": true
  },
  "clutter:recipes/misc/crown": {
    "criteria": {
      "has_emerald": "2024-08-06 04:23:43 +0000"
    },
    "done": true
  },
  "minecraft:recipes/misc/iron_ingot_from_blasting_raw_iron": {
    "criteria": {
      "has_raw_iron": "2024-08-06 04:23:43 +0000"
    },
    "done": true
  },
  "minecraft:recipes/building_blocks/emerald_block": {
    "criteria": {
      "has_emerald": "2024-08-06 04:23:43 +0000"
    },
    "done": true
  },
  "compressedblocks:recipes/building_blocks/shaped_c0_calcite": {
    "criteria": {
      "has_item": "2024-08-06 04:26:16 +0000"
    },
    "done": true
  },
  "handcrafted:recipes/misc/calcite_pillar_trim": {
    "criteria": {
      "has_calcite_pillar_trim": "2024-08-06 04:26:16 +0000"
    },
    "done": true
  },
  "handcrafted:recipes/misc/calcite_corner_trim": {
    "criteria": {
      "has_calcite_corner_trim": "2024-08-06 04:26:16 +0000"
    },
    "done": true
  },
  "minecraft:end/levitate": {
    "criteria": {
      "levitated": "2024-08-06 04:31:00 +0000"
    },
    "done": true
  },
  "compressedblocks:recipes/misc/shaped_crated_cooked_beef": {
    "criteria": {
      "has_item": "2024-08-06 04:35:56 +0000"
    },
    "done": true
  },
  "minecraft:husbandry/balanced_diet": {
    "criteria": {
      "cooked_porkchop": "2024-08-08 03:56:44 +0000",
      "cooked_beef": "2024-08-06 04:36:00 +0000",
      "baked_potato": "2024-08-08 03:45:40 +0000",
      "bread": "2024-08-08 03:56:32 +0000",
      "carrot": "2024-08-08 03:48:20 +0000"
    },
    "done": false
  },
  "minecraft:husbandry/root": {
    "criteria": {
      "consumed_item": "2024-08-06 04:36:00 +0000"
    },
    "done": true
  },
  "clutter:recipes/misc/brick_kiln": {
    "criteria": {
      "has_furnace": "2024-08-06 04:37:16 +0000"
    },
    "done": true
  },
  "darkrpg:furnace": {
    "criteria": {
      "darkrpg_furnace": "2024-08-06 04:37:16 +0000"
    },
    "done": true
  },
  "minecraft:recipes/decorations/smoker": {
    "criteria": {
      "has_furnace": "2024-08-06 04:37:16 +0000"
    },
    "done": true
  },
  "minecraft:story/iron_tools": {
    "criteria": {
      "iron_pickaxe": "2024-08-06 04:38:45 +0000"
    },
    "done": true
  },
  "dramaticdoors:recipes/redstone/tall_oak_door": {
    "criteria": {
      "has_items": "2024-08-06 04:39:42 +0000"
    },
    "done": true
  },
  "dramaticdoors:recipes/redstone/short_oak_door": {
    "criteria": {
      "has_items": "2024-08-06 04:39:42 +0000"
    },
    "done": true
  },
  "giftsofgiving:recipes/misc/white_present": {
    "criteria": {
      "has_chest": "2024-08-06 04:40:36 +0000"
    },
    "done": true
  },
  "clutter:recipes/misc/cardboard_box": {
    "criteria": {
      "has_chest": "2024-08-06 04:40:36 +0000"
    },
    "done": true
  },
  "travelersbackpack:recipes/misc/standard": {
    "criteria": {
      "has_chest": "2024-08-06 04:40:36 +0000"
    },
    "done": true
  },
  "travelersbackpack:recipes/misc/blank_upgrade": {
    "criteria": {
      "has_chest": "2024-08-06 04:40:36 +0000"
    },
    "done": true
  },
  "compressedblocks:recipes/misc/shaped_crated_torch": {
    "criteria": {
      "has_item": "2024-08-06 04:42:31 +0000"
    },
    "done": true
  },
  "minecraft:recipes/combat/diamond_sword": {
    "criteria": {
      "has_diamond": "2024-08-06 04:45:31 +0000"
    },
    "done": true
  },
  "minecraft:recipes/decorations/jukebox": {
    "criteria": {
      "has_diamond": "2024-08-06 04:45:31 +0000"
    },
    "done": true
  },
  "variantshields:recipes/combat/warped_diamond_shield": {
    "criteria": {
      "has_diamond": "2024-08-06 04:45:31 +0000"
    },
    "done": true
  },
  "minecraft:recipes/tools/diamond_pickaxe": {
    "criteria": {
      "has_diamond": "2024-08-06 04:45:31 +0000"
    },
    "done": true
  },
  "variantshields:recipes/combat/dark_oak_diamond_shield": {
    "criteria": {
      "has_diamond": "2024-08-06 04:45:31 +0000"
    },
    "done": true
  },
  "variantshields:recipes/combat/oak_diamond_shield": {
    "criteria": {
      "has_diamond": "2024-08-06 04:45:31 +0000"
    },
    "done": true
  },
  "amethyst_imbuement:recipes/steel_ward": {
    "criteria": {
      "has_items_2": "2024-08-06 04:45:31 +0000"
    },
    "done": true
  },
  "amethyst_imbuement:recipes/steel_headband": {
    "criteria": {
      "has_items_2": "2024-08-06 04:45:31 +0000"
    },
    "done": true
  },
  "variantshields:recipes/combat/cherry_diamond_shield": {
    "criteria": {
      "has_diamond": "2024-08-06 04:45:31 +0000"
    },
    "done": true
  },
  "amethyst_imbuement:recipes/steel_amulet": {
    "criteria": {
      "has_items_2": "2024-08-06 04:45:31 +0000"
    },
    "done": true
  },
  "amethyst_imbuement:recipes/steel_ring": {
    "criteria": {
      "has_items_2": "2024-08-06 04:45:31 +0000"
    },
    "done": true
  },
  "minecraft:recipes/combat/diamond_helmet": {
    "criteria": {
      "has_diamond": "2024-08-06 04:45:31 +0000"
    },
    "done": true
  },
  "minecraft:story/mine_diamond": {
    "criteria": {
      "diamond": "2024-08-06 04:45:31 +0000"
    },
    "done": true
  },
  "farmersdelight:recipes/combat/diamond_knife": {
    "criteria": {
      "has_diamond": "2024-08-06 04:45:31 +0000"
    },
    "done": true
  },
  "variantshields:recipes/combat/acacia_diamond_shield": {
    "criteria": {
      "has_diamond": "2024-08-06 04:45:31 +0000"
    },
    "done": true
  },
  "variantshields:recipes/combat/jungle_diamond_shield": {
    "criteria": {
      "has_diamond": "2024-08-06 04:45:31 +0000"
    },
    "done": true
  },
  "minecraft:recipes/tools/diamond_hoe": {
    "criteria": {
      "has_diamond": "2024-08-06 04:45:31 +0000"
    },
    "done": true
  },
  "travelersbackpack:recipes/misc/diamond_tier_upgrade": {
    "criteria": {
      "has_diamond": "2024-08-06 04:45:31 +0000"
    },
    "done": true
  },
  "variantshields:recipes/combat/bamboo_diamond_shield": {
    "criteria": {
      "has_diamond": "2024-08-06 04:45:31 +0000"
    },
    "done": true
  },
  "minecraft:recipes/building_blocks/diamond_block": {
    "criteria": {
      "has_diamond": "2024-08-06 04:45:31 +0000"
    },
    "done": true
  },
  "variantshields:recipes/combat/spruce_diamond_shield": {
    "criteria": {
      "has_diamond": "2024-08-06 04:45:31 +0000"
    },
    "done": true
  },
  "variantshields:recipes/combat/crimson_diamond_shield": {
    "criteria": {
      "has_diamond": "2024-08-06 04:45:31 +0000"
    },
    "done": true
  },
  "minecraft:recipes/combat/diamond_boots": {
    "criteria": {
      "has_diamond": "2024-08-06 04:45:31 +0000"
    },
    "done": true
  },
  "magnumtorch:recipes/decorations/diamond_magnum_torch": {
    "criteria": {
      "has_diamond": "2024-08-06 04:45:31 +0000"
    },
    "done": true
  },
  "minecraft:recipes/combat/diamond_chestplate": {
    "criteria": {
      "has_diamond": "2024-08-06 04:45:31 +0000"
    },
    "done": true
  },
  "minecraft:recipes/tools/diamond_shovel": {
    "criteria": {
      "has_diamond": "2024-08-06 04:45:31 +0000"
    },
    "done": true
  },
  "extrasponges:recipes/diamond_sponge": {
    "criteria": {
      "has_diamond": "2024-08-06 04:45:31 +0000"
    },
    "done": true
  },
  "travelersbackpack:recipes/misc/diamond": {
    "criteria": {
      "has_diamond": "2024-08-06 04:45:31 +0000"
    },
    "done": true
  },
  "minecraft:recipes/combat/diamond_leggings": {
    "criteria": {
      "has_diamond": "2024-08-06 04:45:31 +0000"
    },
    "done": true
  },
  "amethyst_imbuement:progression/basic_materials_3b": {
    "criteria": {
      "got_diamond": "2024-08-06 04:45:31 +0000"
    },
    "done": false
  },
  "variantshields:recipes/combat/mangrove_diamond_shield": {
    "criteria": {
      "has_diamond": "2024-08-06 04:45:31 +0000"
    },
    "done": true
  },
  "nethersdelight:recipes/tools/diamond_machete": {
    "criteria": {
      "has_diamond": "2024-08-06 04:45:31 +0000"
    },
    "done": true
  },
  "variantshields:recipes/combat/birch_diamond_shield": {
    "criteria": {
      "has_diamond": "2024-08-06 04:45:31 +0000"
    },
    "done": true
  },
  "minecraft:recipes/tools/diamond_axe": {
    "criteria": {
      "has_diamond": "2024-08-06 04:45:31 +0000"
    },
    "done": true
  },
  "farmersdelight:recipes/cooking/rabbit_stew": {
    "criteria": {
      "has_any_ingredient": "2024-08-06 04:46:07 +0000"
    },
    "done": true
  },
  "compressedblocks:recipes/misc/shaped_crated_carrot": {
    "criteria": {
      "has_item": "2024-08-06 04:46:07 +0000"
    },
    "done": true
  },
  "farmersdelight:recipes/cooking/vegetable_noodles": {
    "criteria": {
      "has_any_ingredient": "2024-08-06 04:46:07 +0000"
    },
    "done": true
  },
  "farmersdelight:recipes/cooking/fried_rice": {
    "criteria": {
      "has_any_ingredient": "2024-08-06 04:46:07 +0000"
    },
    "done": true
  },
  "minecraft:recipes/transportation/carrot_on_a_stick": {
    "criteria": {
      "has_carrot": "2024-08-06 04:46:07 +0000"
    },
    "done": true
  },
  "farmersdelight:recipes/cooking/chicken_soup": {
    "criteria": {
      "has_any_ingredient": "2024-08-06 04:46:07 +0000"
    },
    "done": true
  },
  "farmersdelight:recipes/cooking/vegetable_soup": {
    "criteria": {
      "has_any_ingredient": "2024-08-06 04:46:07 +0000"
    },
    "done": true
  },
  "darkrpg:torch": {
    "criteria": {
      "darkrpg_torch": "2024-08-06 04:46:33 +0000"
    },
    "done": true
  },
  "minecraft:recipes/building_blocks/coarse_dirt": {
    "criteria": {
      "has_gravel": "2024-08-06 04:50:37 +0000"
    },
    "done": true
  },
  "regions_unexplored:recipes/building_blocks/peat_coarse_dirt": {
    "criteria": {
      "has_gravel": "2024-08-06 04:50:37 +0000"
    },
    "done": true
  },
  "regions_unexplored:recipes/building_blocks/silt_coarse_dirt": {
    "criteria": {
      "has_gravel": "2024-08-06 04:50:37 +0000"
    },
    "done": true
  },
  "compressedblocks:recipes/building_blocks/shaped_c0_gravel": {
    "criteria": {
      "has_item": "2024-08-06 04:50:37 +0000"
    },
    "done": true
  },
  "regions_unexplored:recipes/building_blocks/maple_stairs": {
    "criteria": {
      "has_maple_planks": "2024-08-06 04:52:40 +0000"
    },
    "done": true
  },
  "regions_unexplored:recipes/decorations/maple_sign": {
    "criteria": {
      "has_maple_planks": "2024-08-06 04:52:40 +0000"
    },
    "done": true
  },
  "regions_unexplored:recipes/decorations/maple_fence": {
    "criteria": {
      "has_maple_planks": "2024-08-06 04:52:40 +0000"
    },
    "done": true
  },
  "regions_unexplored:recipes/redstone/maple_button": {
    "criteria": {
      "has_maple_planks": "2024-08-06 04:52:40 +0000"
    },
    "done": true
  },
  "regions_unexplored:recipes/redstone/maple_pressure_plate": {
    "criteria": {
      "has_maple_planks": "2024-08-06 04:52:40 +0000"
    },
    "done": true
  },
  "variantbarrels:recipes/decorations/ru_maple_barrel": {
    "criteria": {
      "has_planks": "2024-08-06 04:52:40 +0000"
    },
    "done": true
  },
  "regions_unexplored:recipes/redstone/maple_trapdoor": {
    "criteria": {
      "has_maple_planks": "2024-08-06 04:52:40 +0000"
    },
    "done": true
  },
  "regions_unexplored:recipes/redstone/maple_fence_gate": {
    "criteria": {
      "has_maple_planks": "2024-08-06 04:52:40 +0000"
    },
    "done": true
  },
  "regions_unexplored:recipes/building_blocks/maple_slab": {
    "criteria": {
      "has_maple_planks": "2024-08-06 04:52:40 +0000"
    },
    "done": true
  },
  "regions_unexplored:recipes/redstone/maple_door": {
    "criteria": {
      "has_maple_planks": "2024-08-06 04:52:40 +0000"
    },
    "done": true
  },
  "crystals_overhauled:wait_is_this_lava_advancement": {
    "criteria": {
      "wait_is_this_lava_advancement": "2024-08-06 05:01:00 +0000"
    },
    "done": true
  },
  "crystals_overhauled:crystal_clear_advancement": {
    "criteria": {
      "crystal_clear_advancement": "2024-08-06 05:01:00 +0000"
    },
    "done": true
  },
  "minecraft:adventure/sleep_in_bed": {
    "criteria": {
      "slept_in_bed": "2024-08-06 05:15:03 +0000"
    },
    "done": true
  },
  "minecraft:recipes/misc/blue_dye_from_cornflower": {
    "criteria": {
      "has_cornflower": "2024-08-06 05:16:34 +0000"
    },
    "done": true
  },
  "compressedblocks:recipes/misc/shaped_crated_cornflower": {
    "criteria": {
      "has_item": "2024-08-06 05:16:34 +0000"
    },
    "done": true
  },
  "compressedblocks:recipes/misc/shaped_crated_dandelion": {
    "criteria": {
      "has_item": "2024-08-06 05:16:36 +0000"
    },
    "done": true
  },
  "minecraft:recipes/misc/yellow_dye_from_dandelion": {
    "criteria": {
      "has_dandelion": "2024-08-06 05:16:36 +0000"
    },
    "done": true
  },
  "croptopia:getseeds": {
    "criteria": {
      "has_seeds": "2024-08-06 05:16:45 +0000"
    },
    "done": true
  },
  "croptopia:recipes/paprika": {
    "criteria": {
      "has_chile_peppers": "2024-08-06 05:16:45 +0000"
    },
    "done": true
  },
  "croptopia:gather_all": {
    "criteria": {
      "chile_pepper_seed": "2024-08-06 05:16:45 +0000",
      "corn_seed": "2024-08-06 05:17:39 +0000"
    },
    "done": false
  },
  "croptopia:recipes/pepperoni": {
    "criteria": {
      "has_pepper": "2024-08-06 05:16:45 +0000"
    },
    "done": true
  },
  "croptopia:recipes/misc/chile_pepper_seed": {
    "criteria": {
      "has_chile_pepper": "2024-08-06 05:16:45 +0000"
    },
    "done": true
  },
  "croptopia:gather_plains": {
    "criteria": {
      "chile_pepper_seed": "2024-08-06 05:16:45 +0000",
      "corn_seed": "2024-08-06 05:17:39 +0000"
    },
    "done": false
  },
  "compressedblocks:recipes/misc/shaped_crated_oxeye_daisy": {
    "criteria": {
      "has_item": "2024-08-06 05:16:51 +0000"
    },
    "done": true
  },
  "minecraft:recipes/misc/flower_banner_pattern": {
    "criteria": {
      "has_oxeye_daisy": "2024-08-06 05:16:51 +0000"
    },
    "done": true
  },
  "minecraft:recipes/misc/light_gray_dye_from_oxeye_daisy": {
    "criteria": {
      "has_oxeye_daisy": "2024-08-06 05:16:51 +0000"
    },
    "done": true
  },
  "croptopia:recipes/shaped_steamed_broccoli": {
    "criteria": {
      "has_broccoli": "2024-08-06 05:16:55 +0000"
    },
    "done": true
  },
  "croptopia:recipes/shaped_stir_fry": {
    "criteria": {
      "has_broccoli": "2024-08-06 05:16:55 +0000"
    },
    "done": true
  },
  "croptopia:recipes/misc/broccoli_seed": {
    "criteria": {
      "has_broccoli": "2024-08-06 05:16:55 +0000"
    },
    "done": true
  },
  "croptopia:recipes/shaped_beef_stir_fry": {
    "criteria": {
      "has_broccoli": "2024-08-06 05:16:55 +0000"
    },
    "done": true
  },
  "croptopia:recipes/food/popcorn_from_smoking_corn": {
    "criteria": {
      "has_corn": "2024-08-06 05:17:42 +0000"
    },
    "done": true
  },
  "croptopia:recipes/candied_nuts": {
    "criteria": {
      "has_the_recipe": "2024-08-06 05:17:42 +0000"
    },
    "done": true
  },
  "croptopia:recipes/candy_corn": {
    "criteria": {
      "has_corn": "2024-08-06 05:17:42 +0000"
    },
    "done": true
  },
  "croptopia:recipes/burrito": {
    "criteria": {
      "has_the_recipe": "2024-08-06 05:17:42 +0000"
    },
    "done": true
  },
  "croptopia:recipes/misc/corn_seed": {
    "criteria": {
      "has_corn": "2024-08-06 05:17:42 +0000"
    },
    "done": true
  },
  "croptopia:recipes/misc/corn_bread": {
    "criteria": {
      "has_corn": "2024-08-06 05:17:42 +0000"
    },
    "done": true
  },
  "croptopia:recipes/stuffed_poblanos": {
    "criteria": {
      "has_corn": "2024-08-06 05:17:42 +0000"
    },
    "done": true
  },
  "croptopia:recipes/shaped_shepherds_pie": {
    "criteria": {
      "has_corn": "2024-08-06 05:17:42 +0000"
    },
    "done": true
  },
  "croptopia:recipes/campfire_popcorn": {
    "criteria": {
      "has_corn": "2024-08-06 05:17:42 +0000"
    },
    "done": true
  },
  "croptopia:recipes/corn_husk": {
    "criteria": {
      "has_corn": "2024-08-06 05:17:42 +0000"
    },
    "done": true
  },
  "croptopia:recipes/food/popcorn_from_corn": {
    "criteria": {
      "has_corn": "2024-08-06 05:17:42 +0000"
    },
    "done": true
  },
  "croptopia:recipes/misc/mustard_seed": {
    "criteria": {
      "has_mustard": "2024-08-06 05:26:31 +0000"
    },
    "done": true
  },
  "crystals_overhauled:celestial_voyager": {
    "criteria": {
      "celestial_voyager": "2024-08-06 05:30:46 +0000"
    },
    "done": true
  },
  "minecraft:recipes/building_blocks/polished_deepslate": {
    "criteria": {
      "has_cobbled_deepslate": "2024-08-06 05:32:42 +0000"
    },
    "done": true
  },
  "minecraft:recipes/building_blocks/polished_deepslate_from_cobbled_deepslate_stonecutting": {
    "criteria": {
      "has_cobbled_deepslate": "2024-08-06 05:32:42 +0000"
    },
    "done": true
  },
  "minecraft:recipes/decorations/cobbled_deepslate_wall": {
    "criteria": {
      "has_cobbled_deepslate": "2024-08-06 05:32:42 +0000"
    },
    "done": true
  },
  "minecraft:recipes/decorations/polished_deepslate_wall_from_cobbled_deepslate_stonecutting": {
    "criteria": {
      "has_cobbled_deepslate": "2024-08-06 05:32:42 +0000"
    },
    "done": true
  },
  "minecraft:recipes/building_blocks/cobbled_deepslate_stairs": {
    "criteria": {
      "has_cobbled_deepslate": "2024-08-06 05:32:42 +0000"
    },
    "done": true
  },
  "minecraft:recipes/building_blocks/deepslate_bricks_from_cobbled_deepslate_stonecutting": {
    "criteria": {
      "has_cobbled_deepslate": "2024-08-06 05:32:42 +0000"
    },
    "done": true
  },
  "minecraft:recipes/building_blocks/cobbled_deepslate_slab": {
    "criteria": {
      "has_cobbled_deepslate": "2024-08-06 05:32:42 +0000"
    },
    "done": true
  },
  "minecraft:recipes/building_blocks/deepslate_tile_slab_from_cobbled_deepslate_stonecutting": {
    "criteria": {
      "has_cobbled_deepslate": "2024-08-06 05:32:42 +0000"
    },
    "done": true
  },
  "minecraft:recipes/decorations/deepslate_tile_wall_from_cobbled_deepslate_stonecutting": {
    "criteria": {
      "has_cobbled_deepslate": "2024-08-06 05:32:42 +0000"
    },
    "done": true
  },
  "minecraft:recipes/building_blocks/chiseled_deepslate_from_cobbled_deepslate_stonecutting": {
    "criteria": {
      "has_cobbled_deepslate": "2024-08-06 05:32:42 +0000"
    },
    "done": true
  },
  "minecraft:recipes/building_blocks/cobbled_deepslate_stairs_from_cobbled_deepslate_stonecutting": {
    "criteria": {
      "has_cobbled_deepslate": "2024-08-06 05:32:42 +0000"
    },
    "done": true
  },
  "minecraft:recipes/building_blocks/deepslate_tiles_from_cobbled_deepslate_stonecutting": {
    "criteria": {
      "has_cobbled_deepslate": "2024-08-06 05:32:42 +0000"
    },
    "done": true
  },
  "compressedblocks:recipes/building_blocks/shaped_c0_cobbled_deepslate": {
    "criteria": {
      "has_item": "2024-08-06 05:32:42 +0000"
    },
    "done": true
  },
  "minecraft:recipes/building_blocks/polished_deepslate_slab_from_cobbled_deepslate_stonecutting": {
    "criteria": {
      "has_cobbled_deepslate": "2024-08-06 05:32:42 +0000"
    },
    "done": true
  },
  "minecraft:recipes/building_blocks/deepslate_tile_stairs_from_cobbled_deepslate_stonecutting": {
    "criteria": {
      "has_cobbled_deepslate": "2024-08-06 05:32:42 +0000"
    },
    "done": true
  },
  "minecraft:recipes/building_blocks/polished_deepslate_stairs_from_cobbled_deepslate_stonecutting": {
    "criteria": {
      "has_cobbled_deepslate": "2024-08-06 05:32:42 +0000"
    },
    "done": true
  },
  "minecraft:recipes/decorations/deepslate_brick_wall_from_cobbled_deepslate_stonecutting": {
    "criteria": {
      "has_cobbled_deepslate": "2024-08-06 05:32:42 +0000"
    },
    "done": true
  },
  "minecraft:recipes/building_blocks/cobbled_deepslate_slab_from_cobbled_deepslate_stonecutting": {
    "criteria": {
      "has_cobbled_deepslate": "2024-08-06 05:32:42 +0000"
    },
    "done": true
  },
  "minecraft:recipes/building_blocks/deepslate_brick_stairs_from_cobbled_deepslate_stonecutting": {
    "criteria": {
      "has_cobbled_deepslate": "2024-08-06 05:32:42 +0000"
    },
    "done": true
  },
  "minecraft:recipes/decorations/cobbled_deepslate_wall_from_cobbled_deepslate_stonecutting": {
    "criteria": {
      "has_cobbled_deepslate": "2024-08-06 05:32:42 +0000"
    },
    "done": true
  },
  "minecraft:recipes/building_blocks/deepslate": {
    "criteria": {
      "has_cobbled_deepslate": "2024-08-06 05:32:42 +0000"
    },
    "done": true
  },
  "minecraft:recipes/building_blocks/deepslate_brick_slab_from_cobbled_deepslate_stonecutting": {
    "criteria": {
      "has_cobbled_deepslate": "2024-08-06 05:32:42 +0000"
    },
    "done": true
  },
  "crystals_overhauled:mystic_malachite": {
    "criteria": {
      "mystic_malachite": "2024-08-06 05:32:47 +0000"
    },
    "done": true
  },
  "minecraft:nether/root": {
    "criteria": {
      "entered_nether": "2024-08-06 05:39:34 +0000"
    },
    "done": true
  },
  "minecraft:story/enter_the_nether": {
    "criteria": {
      "entered_nether": "2024-08-06 05:39:34 +0000"
    },
    "done": true
  },
  "regions_unexplored:eternal_expedition": {
    "criteria": {
      "mycotoxic_undergrowth": "2024-08-06 05:39:35 +0000"
    },
    "done": false
  },
  "regions_unexplored:recipes/building_blocks/deepslate_viridescent_nylium": {
    "criteria": {
      "has_mushroom": "2024-08-06 05:39:45 +0000"
    },
    "done": true
  },
  "regions_unexplored:recipes/building_blocks/viridescent_nylium": {
    "criteria": {
      "has_mushroom": "2024-08-06 05:39:45 +0000"
    },
    "done": true
  },
  "minecraft:recipes/misc/nether_brick": {
    "criteria": {
      "has_netherrack": "2024-08-06 05:39:46 +0000"
    },
    "done": true
  },
  "compressedblocks:recipes/building_blocks/shaped_c0_netherrack": {
    "criteria": {
      "has_item": "2024-08-06 05:39:46 +0000"
    },
    "done": true
  },
  "regions_unexplored:recipes/building_blocks/yellow_bioshroom_hyphae": {
    "criteria": {
      "has_log": "2024-08-06 05:42:13 +0000"
    },
    "done": true
  },
  "regions_unexplored:recipes/building_blocks/yellow_bioshroom_planks": {
    "criteria": {
      "has_logs": "2024-08-06 05:42:13 +0000"
    },
    "done": true
  },
  "regions_unexplored:ancient_specimens": {
    "criteria": {
      "yellow_bioshroom_stem": "2024-08-06 05:42:13 +0000"
    },
    "done": false
  },
  "regions_unexplored:recipes/decorations/tall_yellow_bioshroom": {
    "criteria": {
      "has_yellow_bioshroom": "2024-08-06 05:42:39 +0000"
    },
    "done": true
  },
  "regions_unexplored:recipes/building_blocks/yellow_bioshroom_block": {
    "criteria": {
      "has_yellow_bioshroom": "2024-08-06 05:42:39 +0000"
    },
    "done": true
  },
  "regions_unexplored:mycologist": {
    "criteria": {
      "yellow_bioshroom": "2024-08-06 05:42:39 +0000"
    },
    "done": false
  },
  "farmersdelight:recipes/cooking/mushroom_rice": {
    "criteria": {
      "has_any_ingredient": "2024-08-06 05:42:49 +0000"
    },
    "done": true
  },
  "minecraft:recipes/food/mushroom_stew": {
    "criteria": {
      "has_red_mushroom": "2024-08-06 05:42:49 +0000"
    },
    "done": true
  },
  "farmersdelight:recipes/cooking/mushroom_stew": {
    "criteria": {
      "has_any_ingredient": "2024-08-06 05:42:49 +0000"
    },
    "done": true
  },
  "compressedblocks:recipes/misc/shaped_crated_red_mushroom": {
    "criteria": {
      "has_item": "2024-08-06 05:42:49 +0000"
    },
    "done": true
  },
  "minecraft:recipes/misc/bowl": {
    "criteria": {
      "has_red_mushroom": "2024-08-06 05:42:49 +0000"
    },
    "done": true
  },
  "compressedblocks:recipes/misc/shaped_crated_quartz": {
    "criteria": {
      "has_item": "2024-08-06 05:43:22 +0000"
    },
    "done": true
  },
  "amethyst_imbuement:recipes/crystal_altar": {
    "criteria": {
      "has_items": "2024-08-06 05:43:22 +0000"
    },
    "done": true
  },
  "minecraft:recipes/redstone/daylight_detector": {
    "criteria": {
      "has_quartz": "2024-08-06 05:43:22 +0000"
    },
    "done": true
  },
  "minecraft:recipes/building_blocks/diorite": {
    "criteria": {
      "has_quartz": "2024-08-06 05:43:22 +0000"
    },
    "done": true
  },
  "minecraft:recipes/building_blocks/granite": {
    "criteria": {
      "has_quartz": "2024-08-06 05:43:22 +0000"
    },
    "done": true
  },
  "minecraft:recipes/redstone/comparator": {
    "criteria": {
      "has_quartz": "2024-08-06 05:43:22 +0000"
    },
    "done": true
  },
  "amethyst_imbuement:progression/quartz": {
    "criteria": {
      "got_quartz": "2024-08-06 05:43:22 +0000"
    },
    "done": true
  },
  "minecraft:recipes/building_blocks/quartz_block": {
    "criteria": {
      "has_quartz": "2024-08-06 05:43:22 +0000"
    },
    "done": true
  },
  "travelersbackpack:recipes/misc/quartz": {
    "criteria": {
      "has_quartz": "2024-08-06 05:43:22 +0000"
    },
    "done": true
  },
  "minecraft:recipes/redstone/observer": {
    "criteria": {
      "has_quartz": "2024-08-06 05:43:22 +0000"
    },
    "done": true
  },
  "darkrpg:quartz": {
    "criteria": {
      "darkrpg_quartz": "2024-08-06 05:43:57 +0000"
    },
    "done": true
  },
  "darkrpg:gold_nugget": {
    "criteria": {
      "darkrpg_gold_nugget": "2024-08-06 05:47:08 +0000"
    },
    "done": true
  },
  "minecraft:recipes/brewing/golden_carrot": {
    "criteria": {
      "has_gold_nugget": "2024-08-06 05:47:08 +0000"
    },
    "done": true
  },
  "clutter:recipes/misc/cowboy_hat": {
    "criteria": {
      "has_gold_nugget": "2024-08-06 05:47:08 +0000"
    },
    "done": true
  },
  "minecraft:recipes/misc/gold_ingot_from_nuggets": {
    "criteria": {
      "has_gold_nugget": "2024-08-06 05:47:08 +0000"
    },
    "done": true
  },
  "mythicmetals:banglum": {
    "criteria": {
      "big_bang": "2024-08-06 05:50:41 +0000"
    },
    "done": true
  },
  "minecraft:recipes/food/beetroot_soup": {
    "criteria": {
      "has_beetroot": "2024-08-06 05:50:57 +0000"
    },
    "done": true
  },
  "farmersdelight:recipes/cooking/beetroot_soup": {
    "criteria": {
      "has_beetroot": "2024-08-06 05:50:57 +0000"
    },
    "done": true
  },
  "compressedblocks:recipes/misc/shaped_crated_beetroot": {
    "criteria": {
      "has_item": "2024-08-06 05:50:57 +0000"
    },
    "done": true
  },
  "croptopia:recipes/misc/beetroot_salad": {
    "criteria": {
      "has_beetroot": "2024-08-06 05:50:57 +0000"
    },
    "done": true
  },
  "farmersdelight:recipes/cooking/ratatouille": {
    "criteria": {
      "has_any_ingredient": "2024-08-06 05:50:57 +0000"
    },
    "done": true
  },
  "minecraft:recipes/misc/red_dye_from_beetroot": {
    "criteria": {
      "has_beetroot": "2024-08-06 05:50:57 +0000"
    },
    "done": true
  },
  "clutter:recipes/building_blocks/aquatic_torch": {
    "criteria": {
      "has_copper_ingot": "2024-08-06 05:57:49 +0000"
    },
    "done": true
  },
  "beautify:lamps": {
    "criteria": {
      "requirement": "2024-08-06 05:57:49 +0000"
    },
    "done": true
  },
  "minecraft:recipes/redstone/lightning_rod": {
    "criteria": {
      "has_copper_ingot": "2024-08-06 05:57:49 +0000"
    },
    "done": true
  },
  "alloy_forgery:recipes/alloy_forgery/copper_block": {
    "criteria": {
      "has_the_recipe": "2024-08-06 05:57:49 +0000"
    },
    "done": true
  },
  "minecraft:recipes/tools/brush": {
    "criteria": {
      "has_copper_ingot": "2024-08-06 05:57:49 +0000"
    },
    "done": true
  },
  "immersive_melodies:misc/instruments": {
    "criteria": {
      "has_item": "2024-08-06 05:57:49 +0000"
    },
    "done": true
  },
  "minecraft:recipes/building_blocks/copper_block": {
    "criteria": {
      "has_copper_ingot": "2024-08-06 05:57:49 +0000"
    },
    "done": true
  },
  "minecraft:plushables/got_copper_ingot": {
    "criteria": {
      "got_copper_ingot": "2024-08-06 05:57:49 +0000"
    },
    "done": true
  },
  "minecraft:recipes/building_blocks/light_blue_stained_glass": {
    "criteria": {
      "has_glass": "2024-08-06 05:58:09 +0000"
    },
    "done": true
  },
  "geode_plus:recipes/building_blocks/wrappist_glass": {
    "criteria": {
      "has_for_glass_crystal": "2024-08-06 05:58:09 +0000"
    },
    "done": true
  },
  "minecraft:recipes/building_blocks/light_gray_stained_glass": {
    "criteria": {
      "has_glass": "2024-08-06 05:58:09 +0000"
    },
    "done": true
  },
  "minecraft:recipes/building_blocks/green_stained_glass": {
    "criteria": {
      "has_glass": "2024-08-06 05:58:09 +0000"
    },
    "done": true
  },
  "minecraft:recipes/building_blocks/white_stained_glass": {
    "criteria": {
      "has_glass": "2024-08-06 05:58:09 +0000"
    },
    "done": true
  },
  "minecraft:recipes/brewing/glass_bottle": {
    "criteria": {
      "has_glass": "2024-08-06 05:58:09 +0000"
    },
    "done": true
  },
  "minecraft:recipes/building_blocks/purple_stained_glass": {
    "criteria": {
      "has_glass": "2024-08-06 05:58:09 +0000"
    },
    "done": true
  },
  "geode_plus:recipes/building_blocks/celestite_glass": {
    "criteria": {
      "has_for_glass_crystal": "2024-08-06 05:58:09 +0000"
    },
    "done": true
  },
  "minecraft:recipes/building_blocks/black_stained_glass": {
    "criteria": {
      "has_glass": "2024-08-06 05:58:09 +0000"
    },
    "done": true
  },
  "minecraft:recipes/building_blocks/gray_stained_glass": {
    "criteria": {
      "has_glass": "2024-08-06 05:58:09 +0000"
    },
    "done": true
  },
  "geode_plus:recipes/building_blocks/pink_topaz_glass": {
    "criteria": {
      "has_for_glass_crystal": "2024-08-06 05:58:09 +0000"
    },
    "done": true
  },
  "minecraft:recipes/decorations/glass_pane": {
    "criteria": {
      "has_glass": "2024-08-06 05:58:09 +0000"
    },
    "done": true
  },
  "minecraft:recipes/building_blocks/yellow_stained_glass": {
    "criteria": {
      "has_glass": "2024-08-06 05:58:09 +0000"
    },
    "done": true
  },
  "regions_unexplored:recipes/building_blocks/prismaglass": {
    "criteria": {
      "has_glass": "2024-08-06 05:58:09 +0000"
    },
    "done": true
  },
  "compressedblocks:recipes/building_blocks/shaped_c0_glass": {
    "criteria": {
      "has_item": "2024-08-06 05:58:09 +0000"
    },
    "done": true
  },
  "minecraft:recipes/building_blocks/orange_stained_glass": {
    "criteria": {
      "has_glass": "2024-08-06 05:58:09 +0000"
    },
    "done": true
  },
  "minecraft:recipes/building_blocks/red_stained_glass": {
    "criteria": {
      "has_glass": "2024-08-06 05:58:09 +0000"
    },
    "done": true
  },
  "minecraft:recipes/building_blocks/blue_stained_glass": {
    "criteria": {
      "has_glass": "2024-08-06 05:58:09 +0000"
    },
    "done": true
  },
  "minecraft:recipes/building_blocks/lime_stained_glass": {
    "criteria": {
      "has_glass": "2024-08-06 05:58:09 +0000"
    },
    "done": true
  },
  "clutter:recipes/building_blocks/wine_glass": {
    "criteria": {
      "has_glass": "2024-08-06 05:58:09 +0000"
    },
    "done": true
  },
  "minecraft:recipes/building_blocks/pink_stained_glass": {
    "criteria": {
      "has_glass": "2024-08-06 05:58:09 +0000"
    },
    "done": true
  },
  "minecraft:recipes/building_blocks/cyan_stained_glass": {
    "criteria": {
      "has_glass": "2024-08-06 05:58:09 +0000"
    },
    "done": true
  },
  "clutter:recipes/building_blocks/tall_bottle": {
    "criteria": {
      "has_glass": "2024-08-06 05:58:09 +0000"
    },
    "done": true
  },
  "minecraft:recipes/building_blocks/brown_stained_glass": {
    "criteria": {
      "has_glass": "2024-08-06 05:58:09 +0000"
    },
    "done": true
  },
  "minecraft:recipes/building_blocks/magenta_stained_glass": {
    "criteria": {
      "has_glass": "2024-08-06 05:58:09 +0000"
    },
    "done": true
  },
  "soulsweapons:kirkhammer_recipe": {
    "criteria": {
      "has_item": "2024-08-06 06:07:48 +0000"
    },
    "done": true
  },
  "croptopia:recipes/shaped_bacon": {
    "criteria": {
      "has_knife": "2024-08-06 06:07:51 +0000"
    },
    "done": true
  },
  "croptopia:knife": {
    "criteria": {
      "knife": "2024-08-06 06:07:51 +0000"
    },
    "done": true
  },
  "minecraft:recipes/transportation/mangrove_chest_boat": {
    "criteria": {
      "has_boat": "2024-08-08 04:17:10 +0000"
    },
    "done": true
  },
  "croptopia:recipes/campfire_toast": {
    "criteria": {
      "has_bread": "2024-08-08 03:55:35 +0000"
    },
    "done": true
  },
  "regions_unexplored:recipes/transportation/redwood_chest_boat": {
    "criteria": {
      "has_boat": "2024-08-08 04:17:10 +0000"
    },
    "done": true
  },
  "minecraft:recipes/misc/iron_ingot_from_nuggets": {
    "criteria": {
      "has_iron_nugget": "2024-08-08 04:08:00 +0000"
    },
    "done": true
  },
  "crystals_overhauled:helios_blessing": {
    "criteria": {
      "helios_blessing": "2024-08-08 03:46:11 +0000"
    },
    "done": true
  },
  "regions_unexplored:recipes/transportation/magnolia_chest_boat": {
    "criteria": {
      "has_boat": "2024-08-08 04:17:10 +0000"
    },
    "done": true
  },
  "clutter:recipes/misc/pet_bed": {
    "criteria": {
      "has_white_wool": "2024-08-08 04:07:54 +0000"
    },
    "done": true
  },
  "regions_unexplored:recipes/transportation/pine_chest_boat": {
    "criteria": {
      "has_boat": "2024-08-08 04:17:10 +0000"
    },
    "done": true
  },
  "batsgalore:recipes/transportation/white_pine_chest_boat": {
    "criteria": {
      "has_boat": "2024-08-08 04:17:10 +0000"
    },
    "done": true
  },
  "croptopia:recipes/cheeseburger": {
    "criteria": {
      "has_bread": "2024-08-08 03:55:35 +0000"
    },
    "done": true
  },
  "croptopia:recipes/food/toast_from_smoking_bread": {
    "criteria": {
      "has_bread": "2024-08-08 03:55:35 +0000"
    },
    "done": true
  },
  "minecraft:recipes/transportation/dark_oak_chest_boat": {
    "criteria": {
      "has_boat": "2024-08-08 04:17:10 +0000"
    },
    "done": true
  },
  "regions_unexplored:recipes/transportation/maple_chest_boat": {
    "criteria": {
      "has_boat": "2024-08-08 04:17:10 +0000"
    },
    "done": true
  },
  "beautify:candelabras": {
    "criteria": {
      "requirement": "2024-08-08 04:08:00 +0000"
    },
    "done": true
  },
  "farmersdelight:recipes/food/steak_and_potatoes": {
    "criteria": {
      "has_baked_potato": "2024-08-08 03:42:54 +0000"
    },
    "done": true
  },
  "minecraft:recipes/transportation/bamboo_chest_raft": {
    "criteria": {
      "has_boat": "2024-08-08 04:17:10 +0000"
    },
    "done": true
  },
  "batsgalore:recipes/transportation/spooky_oak_chest_boat": {
    "criteria": {
      "has_boat": "2024-08-08 04:17:10 +0000"
    },
    "done": true
  },
  "regions_unexplored:recipes/transportation/willow_chest_boat": {
    "criteria": {
      "has_boat": "2024-08-08 04:17:10 +0000"
    },
    "done": true
  },
  "regions_unexplored:recipes/decorations/spruce_branch_from_spruce_log": {
    "criteria": {
      "has_log": "2024-08-08 04:25:06 +0000"
    },
    "done": true
  },
  "croptopia:recipes/food/toast_from_bread": {
    "criteria": {
      "has_bread": "2024-08-08 03:55:35 +0000"
    },
    "done": true
  },
  "lootr:1chest": {
    "criteria": {
      "opened_chest": "2024-08-08 04:03:16 +0000"
    },
    "done": true
  },
  "regions_unexplored:recipes/transportation/socotra_chest_boat": {
    "criteria": {
      "has_boat": "2024-08-08 04:17:10 +0000"
    },
    "done": true
  },
  "minecraft:recipes/decorations/painting": {
    "criteria": {
      "has_wool": "2024-08-08 04:07:54 +0000"
    },
    "done": true
  },
  "minecraft:recipes/transportation/acacia_chest_boat": {
    "criteria": {
      "has_boat": "2024-08-08 04:17:10 +0000"
    },
    "done": true
  },
  "minecraft:recipes/transportation/cherry_chest_boat": {
    "criteria": {
      "has_boat": "2024-08-08 04:17:10 +0000"
    },
    "done": true
  },
  "minecraft:recipes/transportation/birch_chest_boat": {
    "criteria": {
      "has_boat": "2024-08-08 04:17:10 +0000"
    },
    "done": true
  },
  "minecraft:recipes/building_blocks/spruce_planks": {
    "criteria": {
      "has_logs": "2024-08-08 04:25:06 +0000"
    },
    "done": true
  },
  "regions_unexplored:recipes/transportation/cypress_chest_boat": {
    "criteria": {
      "has_boat": "2024-08-08 04:17:10 +0000"
    },
    "done": true
  },
  "compressedblocks:recipes/misc/shaped_crated_pumpkin_seeds": {
    "criteria": {
      "has_item": "2024-08-08 04:07:58 +0000"
    },
    "done": true
  },
  "compressedblocks:recipes/building_blocks/shaped_c0_spruce_log": {
    "criteria": {
      "has_item": "2024-08-08 04:25:06 +0000"
    },
    "done": true
  },
  "compressedblocks:recipes/misc/shaped_crated_bread": {
    "criteria": {
      "has_item": "2024-08-08 03:55:35 +0000"
    },
    "done": true
  },
  "croptopia:recipes/misc/roasted_pumpkin_seeds": {
    "criteria": {
      "has_pumpkin_seed": "2024-08-08 04:07:58 +0000"
    },
    "done": true
  },
  "regions_unexplored:recipes/transportation/baobab_chest_boat": {
    "criteria": {
      "has_boat": "2024-08-08 04:17:10 +0000"
    },
    "done": true
  },
  "compressedblocks:recipes/misc/shaped_crated_baked_potato": {
    "criteria": {
      "has_item": "2024-08-08 03:42:54 +0000"
    },
    "done": true
  },
  "regions_unexplored:recipes/transportation/larch_chest_boat": {
    "criteria": {
      "has_boat": "2024-08-08 04:17:10 +0000"
    },
    "done": true
  },
  "minecraft:recipes/transportation/spruce_chest_boat": {
    "criteria": {
      "has_boat": "2024-08-08 04:17:10 +0000"
    },
    "done": true
  },
  "minecraft:recipes/transportation/oak_chest_boat": {
    "criteria": {
      "has_boat": "2024-08-08 04:17:10 +0000"
    },
    "done": true
  },
  "minecraft:recipes/food/cooked_porkchop": {
    "criteria": {
      "has_the_recipe": "2024-08-08 03:54:18 +0000"
    },
    "done": true
  },
  "croptopia:recipes/ham_sandwich": {
    "criteria": {
      "has_cooked_porkchop": "2024-08-08 03:54:20 +0000"
    },
    "done": true
  },
  "darkrpg:charcoal": {
    "criteria": {
      "darkrpg_charcoal": "2024-08-08 04:35:21 +0000"
    },
    "done": true
  },
  "minecraft:recipes/building_blocks/spruce_wood": {
    "criteria": {
      "has_log": "2024-08-08 04:25:06 +0000"
    },
    "done": true
  },
  "regions_unexplored:recipes/transportation/eucalyptus_chest_boat": {
    "criteria": {
      "has_boat": "2024-08-08 04:17:10 +0000"
    },
    "done": true
  },
  "regions_unexplored:recipes/transportation/dead_chest_boat": {
    "criteria": {
      "has_boat": "2024-08-08 04:17:10 +0000"
    },
    "done": true
  },
  "compressedblocks:recipes/misc/shaped_crated_charcoal": {
    "criteria": {
      "has_item": "2024-08-08 04:35:21 +0000"
    },
    "done": true
  },
  "artifacts:amateur_archaeologist": {
    "criteria": {
      "find_artifact": "2024-08-08 04:07:52 +0000"
    },
    "done": true
  },
  "compressedblocks:recipes/misc/shaped_crated_cooked_porkchop": {
    "criteria": {
      "has_item": "2024-08-08 03:54:20 +0000"
    },
    "done": true
  },
  "regions_unexplored:recipes/transportation/mauve_chest_boat": {
    "criteria": {
      "has_boat": "2024-08-08 04:17:10 +0000"
    },
    "done": true
  },
  "regions_unexplored:recipes/transportation/blackwood_chest_boat": {
    "criteria": {
      "has_boat": "2024-08-08 04:17:10 +0000"
    },
    "done": true
  },
  "minecraft:recipes/transportation/jungle_chest_boat": {
    "criteria": {
      "has_boat": "2024-08-08 04:17:10 +0000"
    },
    "done": true
  },
  "lootr:social": {
    "criteria": {
      "opened_chest": "2024-08-08 04:03:16 +0000"
    },
    "done": false
  },
  "regions_unexplored:recipes/transportation/kapok_chest_boat": {
    "criteria": {
      "has_boat": "2024-08-08 04:17:10 +0000"
    },
    "done": true
  },
  "regions_unexplored:recipes/transportation/palm_chest_boat": {
    "criteria": {
      "has_boat": "2024-08-08 04:17:10 +0000"
    },
    "done": true
  },
  "regions_unexplored:recipes/transportation/joshua_chest_boat": {
    "criteria": {
      "has_boat": "2024-08-08 04:17:10 +0000"
    },
    "done": true
  },
  "immersive_armors:recipes/misc/robe": {
    "criteria": {
      "has_item": "2024-08-08 04:07:54 +0000"
    },
    "done": true
  },
  "rpg_series:classes": {
    "criteria": {
      "book": "2024-08-08 04:31:33 +0000"
    },
    "done": true
  },
  "farmersdelight:recipes/food/stuffed_potato": {
    "criteria": {
      "has_baked_potato": "2024-08-08 03:42:54 +0000"
    },
    "done": true
  },
  "DataVersion": 3465
}